"orderID","customerID","employeeID","orderDate","shippedDate","shipperID","freight","productID","unitPrice","quantity","discount","line_total"
10248,VINET,5,"2013-07-04","2013-07-16",3,32.38,11,14.0,12,0.0,144.0
10248,VINET,5,"2013-07-04","2013-07-16",3,32.38,42,9.8,10,0.0,100.0
10248,VINET,5,"2013-07-04","2013-07-16",3,32.38,72,34.8,5,0.0,25.0
10249,TOMSP,6,"2013-07-05","2013-07-10",1,11.61,14,18.6,9,0.0,81.0
10249,TOMSP,6,"2013-07-05","2013-07-10",1,11.61,51,42.4,40,0.0,1600.0
10250,HANAR,4,"2013-07-08","2013-07-12",2,65.83,41,7.7,10,0.0,100.0
10250,HANAR,4,"2013-07-08","2013-07-12",2,65.83,51,42.4,35,0.15,1041.0
10250,HANAR,4,"2013-07-08","2013-07-12",2,65.83,65,16.8,15,0.15,191.0
10251,VICTE,3,"2013-07-08","2013-07-15",1,41.34,22,16.8,6,0.05,34.0
10251,VICTE,3,"2013-07-08","2013-07-15",1,41.34,57,15.6,15,0.05,214.0
10251,VICTE,3,"2013-07-08","2013-07-15",1,41.34,65,16.8,20,0.0,400.0
10252,SUPRD,4,"2013-07-09","2013-07-11",2,51.3,20,64.8,40,0.05,1520.0
10252,SUPRD,4,"2013-07-09","2013-07-11",2,51.3,33,2.0,25,0.05,594.0
10252,SUPRD,4,"2013-07-09","2013-07-11",2,51.3,60,27.2,40,0.0,1600.0
10253,HANAR,3,"2013-07-10","2013-07-16",2,58.17,31,10.0,20,0.0,400.0
10253,HANAR,3,"2013-07-10","2013-07-16",2,58.17,39,14.4,42,0.0,1764.0
10253,HANAR,3,"2013-07-10","2013-07-16",2,58.17,49,16.0,40,0.0,1600.0
10254,CHOPS,5,"2013-07-11","2013-07-23",2,22.98,24,3.6,15,0.15,191.0
10254,CHOPS,5,"2013-07-11","2013-07-23",2,22.98,55,19.2,21,0.15,375.0
10254,CHOPS,5,"2013-07-11","2013-07-23",2,22.98,74,8.0,21,0.0,441.0
10255,RICSU,9,"2013-07-12","2013-07-15",3,148.33,2,15.2,20,0.0,400.0
10255,RICSU,9,"2013-07-12","2013-07-15",3,148.33,16,13.9,35,0.0,1225.0
10255,RICSU,9,"2013-07-12","2013-07-15",3,148.33,36,15.2,25,0.0,625.0
10255,RICSU,9,"2013-07-12","2013-07-15",3,148.33,59,44.0,30,0.0,900.0
10256,WELLI,3,"2013-07-15","2013-07-17",2,13.97,53,26.2,15,0.0,225.0
10256,WELLI,3,"2013-07-15","2013-07-17",2,13.97,77,10.4,12,0.0,144.0
10257,HILAA,4,"2013-07-16","2013-07-22",3,81.91,27,35.1,25,0.0,625.0
10257,HILAA,4,"2013-07-16","2013-07-22",3,81.91,39,14.4,6,0.0,36.0
10257,HILAA,4,"2013-07-16","2013-07-22",3,81.91,77,10.4,15,0.0,225.0
10258,ERNSH,1,"2013-07-17","2013-07-23",1,140.51,2,15.2,50,0.2,2000.0
10258,ERNSH,1,"2013-07-17","2013-07-23",1,140.51,5,17.0,65,0.2,3380.0
10258,ERNSH,1,"2013-07-17","2013-07-23",1,140.51,32,25.6,6,0.2,29.0
10259,CENTC,4,"2013-07-18","2013-07-25",3,3.25,21,8.0,10,0.0,100.0
10259,CENTC,4,"2013-07-18","2013-07-25",3,3.25,37,20.8,1,0.0,1.0
10260,OTTIK,4,"2013-07-19","2013-07-29",1,55.09,41,7.7,16,0.25,192.0
10260,OTTIK,4,"2013-07-19","2013-07-29",1,55.09,57,15.6,50,0.0,2500.0
10260,OTTIK,4,"2013-07-19","2013-07-29",1,55.09,62,39.4,15,0.25,169.0
10260,OTTIK,4,"2013-07-19","2013-07-29",1,55.09,70,12.0,21,0.25,331.0
10261,QUEDE,4,"2013-07-19","2013-07-30",2,3.05,21,8.0,20,0.0,400.0
10261,QUEDE,4,"2013-07-19","2013-07-30",2,3.05,35,14.4,20,0.0,400.0
10262,RATTC,8,"2013-07-22","2013-07-25",3,48.29,5,17.0,12,0.2,115.0
10262,RATTC,8,"2013-07-22","2013-07-25",3,48.29,7,24.0,15,0.0,225.0
10262,RATTC,8,"2013-07-22","2013-07-25",3,48.29,56,30.4,2,0.0,4.0
10263,ERNSH,9,"2013-07-23","2013-07-31",3,146.06,16,13.9,60,0.25,2700.0
10263,ERNSH,9,"2013-07-23","2013-07-31",3,146.06,24,3.6,28,0.0,784.0
10263,ERNSH,9,"2013-07-23","2013-07-31",3,146.06,30,20.7,60,0.25,2700.0
10263,ERNSH,9,"2013-07-23","2013-07-31",3,146.06,74,8.0,36,0.25,972.0
10264,FOLKO,6,"2013-07-24","2013-08-23",3,3.67,2,15.2,35,0.0,1225.0
10264,FOLKO,6,"2013-07-24","2013-08-23",3,3.67,41,7.7,25,0.15,531.0
10265,BLONP,2,"2013-07-25","2013-08-12",1,55.28,17,31.2,30,0.0,900.0
10265,BLONP,2,"2013-07-25","2013-08-12",1,55.28,70,12.0,20,0.0,400.0
10266,WARTH,3,"2013-07-26","2013-07-31",3,25.73,12,30.4,12,0.05,137.0
10267,FRANK,4,"2013-07-29","2013-08-06",1,208.58,40,14.7,50,0.0,2500.0
10267,FRANK,4,"2013-07-29","2013-08-06",1,208.58,59,44.0,70,0.15,4165.0
10267,FRANK,4,"2013-07-29","2013-08-06",1,208.58,76,14.4,15,0.15,191.0
10268,GROSR,8,"2013-07-30","2013-08-02",3,66.29,29,99.0,10,0.0,100.0
10268,GROSR,8,"2013-07-30","2013-08-02",3,66.29,72,27.8,4,0.0,16.0
10269,WHITC,5,"2013-07-31","2013-08-09",1,4.56,33,2.0,60,0.05,3420.0
10269,WHITC,5,"2013-07-31","2013-08-09",1,4.56,72,27.8,20,0.05,380.0
10270,WARTH,1,"2013-08-01","2013-08-02",1,136.54,36,15.2,30,0.0,900.0
10270,WARTH,1,"2013-08-01","2013-08-02",1,136.54,43,36.8,25,0.0,625.0
10271,SPLIR,6,"2013-08-01","2013-08-30",2,4.54,33,2.0,24,0.0,576.0
10272,RATTC,6,"2013-08-02","2013-08-06",2,98.03,20,64.8,6,0.0,36.0
10272,RATTC,6,"2013-08-02","2013-08-06",2,98.03,31,10.0,40,0.0,1600.0
10272,RATTC,6,"2013-08-02","2013-08-06",2,98.03,72,27.8,24,0.0,576.0
10273,QUICK,3,"2013-08-05","2013-08-12",3,76.07,10,24.8,24,0.05,547.0
10273,QUICK,3,"2013-08-05","2013-08-12",3,76.07,31,10.0,15,0.05,214.0
10273,QUICK,3,"2013-08-05","2013-08-12",3,76.07,33,2.0,20,0.0,400.0
10273,QUICK,3,"2013-08-05","2013-08-12",3,76.07,40,14.7,60,0.05,3420.0
10273,QUICK,3,"2013-08-05","2013-08-12",3,76.07,76,14.4,33,0.05,1035.0
10274,VINET,6,"2013-08-06","2013-08-16",1,6.01,71,17.2,20,0.0,400.0
10274,VINET,6,"2013-08-06","2013-08-16",1,6.01,72,27.8,7,0.0,49.0
10275,MAGAA,1,"2013-08-07","2013-08-09",1,26.93,24,3.6,12,0.05,137.0
10275,MAGAA,1,"2013-08-07","2013-08-09",1,26.93,59,44.0,6,0.05,34.0
10276,TORTU,8,"2013-08-08","2013-08-14",3,13.84,10,24.8,15,0.0,225.0
10276,TORTU,8,"2013-08-08","2013-08-14",3,13.84,13,4.8,10,0.0,100.0
10277,MORGK,2,"2013-08-09","2013-08-13",3,125.77,28,36.4,20,0.0,400.0
10277,MORGK,2,"2013-08-09","2013-08-13",3,125.77,62,39.4,12,0.0,144.0
10278,BERGS,8,"2013-08-12","2013-08-16",2,92.69,44,15.5,16,0.0,256.0
10278,BERGS,8,"2013-08-12","2013-08-16",2,92.69,59,44.0,15,0.0,225.0
10278,BERGS,8,"2013-08-12","2013-08-16",2,92.69,63,35.1,8,0.0,64.0
10278,BERGS,8,"2013-08-12","2013-08-16",2,92.69,73,12.0,25,0.0,625.0
10279,LEHMS,8,"2013-08-13","2013-08-16",2,25.83,17,31.2,15,0.25,169.0
10280,BERGS,2,"2013-08-14","2013-09-12",1,8.98,24,3.6,12,0.0,144.0
10280,BERGS,2,"2013-08-14","2013-09-12",1,8.98,55,19.2,20,0.0,400.0
10280,BERGS,2,"2013-08-14","2013-09-12",1,8.98,75,6.2,30,0.0,900.0
10281,ROMEY,4,"2013-08-14","2013-08-21",1,2.94,19,7.3,1,0.0,1.0
10281,ROMEY,4,"2013-08-14","2013-08-21",1,2.94,24,3.6,6,0.0,36.0
10281,ROMEY,4,"2013-08-14","2013-08-21",1,2.94,35,14.4,4,0.0,16.0
10282,ROMEY,4,"2013-08-15","2013-08-21",1,12.69,30,20.7,6,0.0,36.0
10282,ROMEY,4,"2013-08-15","2013-08-21",1,12.69,57,15.6,2,0.0,4.0
10283,LILAS,3,"2013-08-16","2013-08-23",3,84.81,15,12.4,20,0.0,400.0
10283,LILAS,3,"2013-08-16","2013-08-23",3,84.81,19,7.3,18,0.0,324.0
10283,LILAS,3,"2013-08-16","2013-08-23",3,84.81,60,27.2,35,0.0,1225.0
10283,LILAS,3,"2013-08-16","2013-08-23",3,84.81,72,27.8,3,0.0,9.0
10284,LEHMS,4,"2013-08-19","2013-08-27",1,76.56,27,35.1,15,0.25,169.0
10284,LEHMS,4,"2013-08-19","2013-08-27",1,76.56,44,15.5,21,0.0,441.0
10284,LEHMS,4,"2013-08-19","2013-08-27",1,76.56,60,27.2,20,0.25,300.0
10284,LEHMS,4,"2013-08-19","2013-08-27",1,76.56,67,11.2,5,0.25,19.0
10285,QUICK,1,"2013-08-20","2013-08-26",2,76.83,1,14.4,45,0.2,1620.0
10285,QUICK,1,"2013-08-20","2013-08-26",2,76.83,40,14.7,40,0.2,1280.0
10285,QUICK,1,"2013-08-20","2013-08-26",2,76.83,53,26.2,36,0.2,1037.0
10286,QUICK,8,"2013-08-21","2013-08-30",3,229.24,35,14.4,100,0.0,10000.0
10286,QUICK,8,"2013-08-21","2013-08-30",3,229.24,62,39.4,40,0.0,1600.0
10287,RICAR,8,"2013-08-22","2013-08-28",3,12.76,16,13.9,40,0.15,1360.0
10287,RICAR,8,"2013-08-22","2013-08-28",3,12.76,34,11.2,20,0.0,400.0
10287,RICAR,8,"2013-08-22","2013-08-28",3,12.76,46,9.6,15,0.15,191.0
10288,REGGC,4,"2013-08-23","2013-09-03",1,7.45,54,5.9,10,0.1,90.0
10288,REGGC,4,"2013-08-23","2013-09-03",1,7.45,68,10.0,3,0.1,8.0
10289,BSBEV,7,"2013-08-26","2013-08-28",3,22.77,3,8.0,30,0.0,900.0
10289,BSBEV,7,"2013-08-26","2013-08-28",3,22.77,64,26.6,9,0.0,81.0
10290,COMMI,8,"2013-08-27","2013-09-03",1,79.7,5,17.0,20,0.0,400.0
10290,COMMI,8,"2013-08-27","2013-09-03",1,79.7,29,99.0,15,0.0,225.0
10290,COMMI,8,"2013-08-27","2013-09-03",1,79.7,49,16.0,15,0.0,225.0
10290,COMMI,8,"2013-08-27","2013-09-03",1,79.7,77,10.4,10,0.0,100.0
10291,QUEDE,6,"2013-08-27","2013-09-04",2,6.4,13,4.8,20,0.1,360.0
10291,QUEDE,6,"2013-08-27","2013-09-04",2,6.4,44,15.5,24,0.1,518.0
10291,QUEDE,6,"2013-08-27","2013-09-04",2,6.4,51,42.4,2,0.1,4.0
10292,TRADH,1,"2013-08-28","2013-09-02",2,1.35,20,64.8,20,0.0,400.0
10293,TORTU,1,"2013-08-29","2013-09-11",3,21.18,18,50.0,12,0.0,144.0
10293,TORTU,1,"2013-08-29","2013-09-11",3,21.18,24,3.6,10,0.0,100.0
10293,TORTU,1,"2013-08-29","2013-09-11",3,21.18,63,35.1,5,0.0,25.0
10293,TORTU,1,"2013-08-29","2013-09-11",3,21.18,75,6.2,6,0.0,36.0
10294,RATTC,4,"2013-08-30","2013-09-05",2,147.26,1,14.4,18,0.0,324.0
10294,RATTC,4,"2013-08-30","2013-09-05",2,147.26,17,31.2,15,0.0,225.0
10294,RATTC,4,"2013-08-30","2013-09-05",2,147.26,43,36.8,15,0.0,225.0
10294,RATTC,4,"2013-08-30","2013-09-05",2,147.26,60,27.2,21,0.0,441.0
10294,RATTC,4,"2013-08-30","2013-09-05",2,147.26,75,6.2,6,0.0,36.0
10295,VINET,2,"2013-09-02","2013-09-10",2,1.15,56,30.4,4,0.0,16.0
10296,LILAS,6,"2013-09-03","2013-09-11",1,0.12,11,16.8,12,0.0,144.0
10296,LILAS,6,"2013-09-03","2013-09-11",1,0.12,16,13.9,30,0.0,900.0
10296,LILAS,6,"2013-09-03","2013-09-11",1,0.12,69,28.8,15,0.0,225.0
10297,BLONP,5,"2013-09-04","2013-09-10",2,5.74,39,14.4,60,0.0,3600.0
10297,BLONP,5,"2013-09-04","2013-09-10",2,5.74,72,27.8,20,0.0,400.0
10298,HUNGO,6,"2013-09-05","2013-09-11",2,168.22,2,15.2,40,0.0,1600.0
10298,HUNGO,6,"2013-09-05","2013-09-11",2,168.22,36,15.2,40,0.25,1200.0
10298,HUNGO,6,"2013-09-05","2013-09-11",2,168.22,59,44.0,30,0.25,675.0
10298,HUNGO,6,"2013-09-05","2013-09-11",2,168.22,62,39.4,15,0.0,225.0
10299,RICAR,4,"2013-09-06","2013-09-13",2,29.76,19,7.3,15,0.0,225.0
10299,RICAR,4,"2013-09-06","2013-09-13",2,29.76,70,12.0,20,0.0,400.0
10300,MAGAA,2,"2013-09-09","2013-09-18",2,17.68,66,13.6,30,0.0,900.0
10300,MAGAA,2,"2013-09-09","2013-09-18",2,17.68,68,10.0,20,0.0,400.0
10301,WANDK,8,"2013-09-09","2013-09-17",2,45.08,40,14.7,10,0.0,100.0
10301,WANDK,8,"2013-09-09","2013-09-17",2,45.08,56,30.4,20,0.0,400.0
10302,SUPRD,4,"2013-09-10","2013-10-09",2,6.27,17,31.2,40,0.0,1600.0
10302,SUPRD,4,"2013-09-10","2013-10-09",2,6.27,28,36.4,28,0.0,784.0
10302,SUPRD,4,"2013-09-10","2013-10-09",2,6.27,43,36.8,12,0.0,144.0
10303,GODOS,7,"2013-09-11","2013-09-18",2,107.83,40,14.7,40,0.1,1440.0
10303,GODOS,7,"2013-09-11","2013-09-18",2,107.83,65,16.8,30,0.1,810.0
10303,GODOS,7,"2013-09-11","2013-09-18",2,107.83,68,10.0,15,0.1,203.0
10304,TORTU,1,"2013-09-12","2013-09-17",2,63.79,49,16.0,30,0.0,900.0
10304,TORTU,1,"2013-09-12","2013-09-17",2,63.79,59,44.0,10,0.0,100.0
10304,TORTU,1,"2013-09-12","2013-09-17",2,63.79,71,17.2,2,0.0,4.0
10305,OLDWO,8,"2013-09-13","2013-10-09",3,257.62,18,50.0,25,0.1,563.0
10305,OLDWO,8,"2013-09-13","2013-10-09",3,257.62,29,99.0,25,0.1,563.0
10305,OLDWO,8,"2013-09-13","2013-10-09",3,257.62,39,14.4,30,0.1,810.0
10306,ROMEY,1,"2013-09-16","2013-09-23",3,7.56,30,20.7,10,0.0,100.0
10306,ROMEY,1,"2013-09-16","2013-09-23",3,7.56,53,26.2,10,0.0,100.0
10306,ROMEY,1,"2013-09-16","2013-09-23",3,7.56,54,5.9,5,0.0,25.0
10307,LONEP,2,"2013-09-17","2013-09-25",2,0.56,62,39.4,10,0.0,100.0
10307,LONEP,2,"2013-09-17","2013-09-25",2,0.56,68,10.0,3,0.0,9.0
10308,ANATR,7,"2013-09-18","2013-09-24",3,1.61,69,28.8,1,0.0,1.0
10308,ANATR,7,"2013-09-18","2013-09-24",3,1.61,70,12.0,5,0.0,25.0
10309,HUNGO,3,"2013-09-19","2013-10-23",1,47.3,4,17.6,20,0.0,400.0
10309,HUNGO,3,"2013-09-19","2013-10-23",1,47.3,6,20.0,30,0.0,900.0
10309,HUNGO,3,"2013-09-19","2013-10-23",1,47.3,42,11.2,2,0.0,4.0
10309,HUNGO,3,"2013-09-19","2013-10-23",1,47.3,43,36.8,20,0.0,400.0
10309,HUNGO,3,"2013-09-19","2013-10-23",1,47.3,71,17.2,3,0.0,9.0
10310,THEBI,8,"2013-09-20","2013-09-27",2,17.52,16,13.9,10,0.0,100.0
10310,THEBI,8,"2013-09-20","2013-09-27",2,17.52,62,39.4,5,0.0,25.0
10311,DUMON,1,"2013-09-20","2013-09-26",3,24.69,42,11.2,6,0.0,36.0
10311,DUMON,1,"2013-09-20","2013-09-26",3,24.69,69,28.8,7,0.0,49.0
10312,WANDK,2,"2013-09-23","2013-10-03",2,40.26,28,36.4,4,0.0,16.0
10312,WANDK,2,"2013-09-23","2013-10-03",2,40.26,43,36.8,24,0.0,576.0
10312,WANDK,2,"2013-09-23","2013-10-03",2,40.26,53,26.2,20,0.0,400.0
10312,WANDK,2,"2013-09-23","2013-10-03",2,40.26,75,6.2,10,0.0,100.0
10313,QUICK,2,"2013-09-24","2013-10-04",2,1.96,36,15.2,12,0.0,144.0
10314,RATTC,1,"2013-09-25","2013-10-04",2,74.16,32,25.6,40,0.1,1440.0
10314,RATTC,1,"2013-09-25","2013-10-04",2,74.16,58,10.6,30,0.1,810.0
10314,RATTC,1,"2013-09-25","2013-10-04",2,74.16,62,39.4,25,0.1,563.0
10315,ISLAT,4,"2013-09-26","2013-10-03",2,41.76,34,11.2,14,0.0,196.0
10315,ISLAT,4,"2013-09-26","2013-10-03",2,41.76,70,12.0,30,0.0,900.0
10316,RATTC,1,"2013-09-27","2013-10-08",3,150.15,41,7.7,10,0.0,100.0
10316,RATTC,1,"2013-09-27","2013-10-08",3,150.15,62,39.4,70,0.0,4900.0
10317,LONEP,6,"2013-09-30","2013-10-10",1,12.69,1,14.4,20,0.0,400.0
10318,ISLAT,8,"2013-10-01","2013-10-04",2,4.73,41,7.7,20,0.0,400.0
10318,ISLAT,8,"2013-10-01","2013-10-04",2,4.73,76,14.4,6,0.0,36.0
10319,TORTU,7,"2013-10-02","2013-10-11",3,64.5,17,31.2,8,0.0,64.0
10319,TORTU,7,"2013-10-02","2013-10-11",3,64.5,28,36.4,14,0.0,196.0
10319,TORTU,7,"2013-10-02","2013-10-11",3,64.5,76,14.4,30,0.0,900.0
10320,WARTH,5,"2013-10-03","2013-10-18",3,34.57,71,17.2,30,0.0,900.0
10321,ISLAT,3,"2013-10-03","2013-10-11",2,3.43,35,14.4,10,0.0,100.0
10322,PERIC,7,"2013-10-04","2013-10-23",3,0.4,52,5.6,20,0.0,400.0
10323,KOENE,4,"2013-10-07","2013-10-14",1,4.88,15,12.4,5,0.0,25.0
10323,KOENE,4,"2013-10-07","2013-10-14",1,4.88,25,11.2,4,0.0,16.0
10323,KOENE,4,"2013-10-07","2013-10-14",1,4.88,39,14.4,4,0.0,16.0
10324,SAVEA,9,"2013-10-08","2013-10-10",1,214.27,16,13.9,21,0.15,375.0
10324,SAVEA,9,"2013-10-08","2013-10-10",1,214.27,35,14.4,70,0.15,4165.0
10324,SAVEA,9,"2013-10-08","2013-10-10",1,214.27,46,9.6,30,0.0,900.0
10324,SAVEA,9,"2013-10-08","2013-10-10",1,214.27,59,44.0,40,0.15,1360.0
10324,SAVEA,9,"2013-10-08","2013-10-10",1,214.27,63,35.1,80,0.15,5440.0
10325,KOENE,1,"2013-10-09","2013-10-14",3,64.86,6,20.0,6,0.0,36.0
10325,KOENE,1,"2013-10-09","2013-10-14",3,64.86,13,4.8,12,0.0,144.0
10325,KOENE,1,"2013-10-09","2013-10-14",3,64.86,14,18.6,9,0.0,81.0
10325,KOENE,1,"2013-10-09","2013-10-14",3,64.86,31,10.0,4,0.0,16.0
10325,KOENE,1,"2013-10-09","2013-10-14",3,64.86,72,27.8,40,0.0,1600.0
10326,BOLID,4,"2013-10-10","2013-10-14",2,77.92,4,17.6,24,0.0,576.0
10326,BOLID,4,"2013-10-10","2013-10-14",2,77.92,57,15.6,16,0.0,256.0
10326,BOLID,4,"2013-10-10","2013-10-14",2,77.92,75,6.2,50,0.0,2500.0
10327,FOLKO,2,"2013-10-11","2013-10-14",1,63.36,2,15.2,25,0.2,500.0
10327,FOLKO,2,"2013-10-11","2013-10-14",1,63.36,11,16.8,50,0.2,2000.0
10327,FOLKO,2,"2013-10-11","2013-10-14",1,63.36,30,20.7,35,0.2,980.0
10327,FOLKO,2,"2013-10-11","2013-10-14",1,63.36,58,10.6,30,0.2,720.0
10328,FURIB,4,"2013-10-14","2013-10-17",3,87.03,59,44.0,9,0.0,81.0
10328,FURIB,4,"2013-10-14","2013-10-17",3,87.03,65,16.8,40,0.0,1600.0
10328,FURIB,4,"2013-10-14","2013-10-17",3,87.03,68,10.0,10,0.0,100.0
10329,SPLIR,4,"2013-10-15","2013-10-23",2,191.67,19,7.3,10,0.05,95.0
10329,SPLIR,4,"2013-10-15","2013-10-23",2,191.67,30,20.7,8,0.05,61.0
10329,SPLIR,4,"2013-10-15","2013-10-23",2,191.67,38,210.8,20,0.05,380.0
10329,SPLIR,4,"2013-10-15","2013-10-23",2,191.67,56,30.4,12,0.05,137.0
10330,LILAS,3,"2013-10-16","2013-10-28",1,12.75,26,24.9,50,0.15,2125.0
10330,LILAS,3,"2013-10-16","2013-10-28",1,12.75,72,27.8,25,0.15,531.0
10331,BONAP,9,"2013-10-16","2013-10-21",1,10.19,54,5.9,15,0.0,225.0
10332,MEREP,3,"2013-10-17","2013-10-21",2,52.84,18,50.0,40,0.2,1280.0
10332,MEREP,3,"2013-10-17","2013-10-21",2,52.84,42,11.2,10,0.2,80.0
10332,MEREP,3,"2013-10-17","2013-10-21",2,52.84,47,7.6,16,0.2,205.0
10333,WARTH,5,"2013-10-18","2013-10-25",3,0.59,14,18.6,10,0.0,100.0
10333,WARTH,5,"2013-10-18","2013-10-25",3,0.59,21,8.0,10,0.1,90.0
10333,WARTH,5,"2013-10-18","2013-10-25",3,0.59,71,17.2,40,0.1,1440.0
10334,VICTE,8,"2013-10-21","2013-10-28",2,8.56,52,5.6,8,0.0,64.0
10334,VICTE,8,"2013-10-21","2013-10-28",2,8.56,68,10.0,10,0.0,100.0
10335,HUNGO,7,"2013-10-22","2013-10-24",2,42.11,2,15.2,7,0.2,39.0
10335,HUNGO,7,"2013-10-22","2013-10-24",2,42.11,31,10.0,25,0.2,500.0
10335,HUNGO,7,"2013-10-22","2013-10-24",2,42.11,32,25.6,6,0.2,29.0
10335,HUNGO,7,"2013-10-22","2013-10-24",2,42.11,51,42.4,48,0.2,1843.0
10336,PRINI,7,"2013-10-23","2013-10-25",2,15.51,4,17.6,18,0.1,292.0
10337,FRANK,4,"2013-10-24","2013-10-29",3,108.26,23,7.2,40,0.0,1600.0
10337,FRANK,4,"2013-10-24","2013-10-29",3,108.26,26,24.9,24,0.0,576.0
10337,FRANK,4,"2013-10-24","2013-10-29",3,108.26,36,15.2,20,0.0,400.0
10337,FRANK,4,"2013-10-24","2013-10-29",3,108.26,37,20.8,28,0.0,784.0
10337,FRANK,4,"2013-10-24","2013-10-29",3,108.26,72,27.8,25,0.0,625.0
10338,OLDWO,4,"2013-10-25","2013-10-29",3,84.21,17,31.2,20,0.0,400.0
10338,OLDWO,4,"2013-10-25","2013-10-29",3,84.21,30,20.7,15,0.0,225.0
10339,MEREP,2,"2013-10-28","2013-11-04",2,15.66,4,17.6,10,0.0,100.0
10339,MEREP,2,"2013-10-28","2013-11-04",2,15.66,17,31.2,70,0.05,4655.0
10339,MEREP,2,"2013-10-28","2013-11-04",2,15.66,62,39.4,28,0.0,784.0
10340,BONAP,1,"2013-10-29","2013-11-08",3,166.31,18,50.0,20,0.05,380.0
10340,BONAP,1,"2013-10-29","2013-11-08",3,166.31,41,7.7,12,0.05,137.0
10340,BONAP,1,"2013-10-29","2013-11-08",3,166.31,43,36.8,40,0.05,1520.0
10341,SIMOB,7,"2013-10-29","2013-11-05",3,26.78,33,2.0,8,0.0,64.0
10341,SIMOB,7,"2013-10-29","2013-11-05",3,26.78,59,44.0,9,0.15,69.0
10342,FRANK,4,"2013-10-30","2013-11-04",2,54.83,2,15.2,24,0.2,461.0
10342,FRANK,4,"2013-10-30","2013-11-04",2,54.83,31,10.0,56,0.2,2509.0
10342,FRANK,4,"2013-10-30","2013-11-04",2,54.83,36,15.2,40,0.2,1280.0
10342,FRANK,4,"2013-10-30","2013-11-04",2,54.83,55,19.2,40,0.2,1280.0
10343,LEHMS,4,"2013-10-31","2013-11-06",1,110.37,64,26.6,50,0.0,2500.0
10343,LEHMS,4,"2013-10-31","2013-11-06",1,110.37,68,10.0,4,0.05,15.0
10343,LEHMS,4,"2013-10-31","2013-11-06",1,110.37,76,14.4,15,0.0,225.0
10344,WHITC,4,"2013-11-01","2013-11-05",2,23.29,4,17.6,35,0.0,1225.0
10344,WHITC,4,"2013-11-01","2013-11-05",2,23.29,8,32.0,70,0.25,3675.0
10345,QUICK,2,"2013-11-04","2013-11-11",2,249.06,8,32.0,70,0.0,4900.0
10345,QUICK,2,"2013-11-04","2013-11-11",2,249.06,19,7.3,80,0.0,6400.0
10345,QUICK,2,"2013-11-04","2013-11-11",2,249.06,42,11.2,9,0.0,81.0
10346,RATTC,3,"2013-11-05","2013-11-08",3,142.08,17,31.2,36,0.1,1166.0
10346,RATTC,3,"2013-11-05","2013-11-08",3,142.08,56,30.4,20,0.0,400.0
10347,FAMIA,4,"2013-11-06","2013-11-08",3,3.1,25,11.2,10,0.0,100.0
10347,FAMIA,4,"2013-11-06","2013-11-08",3,3.1,39,14.4,50,0.15,2125.0
10347,FAMIA,4,"2013-11-06","2013-11-08",3,3.1,40,14.7,4,0.0,16.0
10347,FAMIA,4,"2013-11-06","2013-11-08",3,3.1,75,6.2,6,0.15,31.0
10348,WANDK,4,"2013-11-07","2013-11-15",2,0.78,1,14.4,15,0.15,191.0
10348,WANDK,4,"2013-11-07","2013-11-15",2,0.78,23,7.2,25,0.0,625.0
10349,SPLIR,7,"2013-11-08","2013-11-15",1,8.63,54,5.9,24,0.0,576.0
10350,LAMAI,6,"2013-11-11","2013-12-03",2,64.19,50,13.0,15,0.1,203.0
10350,LAMAI,6,"2013-11-11","2013-12-03",2,64.19,69,28.8,18,0.1,292.0
10351,ERNSH,1,"2013-11-11","2013-11-20",1,162.33,38,210.8,20,0.05,380.0
10351,ERNSH,1,"2013-11-11","2013-11-20",1,162.33,41,7.7,13,0.0,169.0
10351,ERNSH,1,"2013-11-11","2013-11-20",1,162.33,44,15.5,77,0.05,5633.0
10351,ERNSH,1,"2013-11-11","2013-11-20",1,162.33,65,16.8,10,0.05,95.0
10352,FURIB,3,"2013-11-12","2013-11-18",3,1.3,24,3.6,10,0.0,100.0
10352,FURIB,3,"2013-11-12","2013-11-18",3,1.3,54,5.9,20,0.15,340.0
10353,PICCO,7,"2013-11-13","2013-11-25",3,360.63,11,16.8,12,0.2,115.0
10353,PICCO,7,"2013-11-13","2013-11-25",3,360.63,38,210.8,50,0.2,2000.0
10354,PERIC,8,"2013-11-14","2013-11-20",3,53.8,1,14.4,12,0.0,144.0
10354,PERIC,8,"2013-11-14","2013-11-20",3,53.8,29,99.0,4,0.0,16.0
10355,AROUT,6,"2013-11-15","2013-11-20",1,41.95,24,3.6,25,0.0,625.0
10355,AROUT,6,"2013-11-15","2013-11-20",1,41.95,57,15.6,25,0.0,625.0
10356,WANDK,6,"2013-11-18","2013-11-27",2,36.71,31,10.0,30,0.0,900.0
10356,WANDK,6,"2013-11-18","2013-11-27",2,36.71,55,19.2,12,0.0,144.0
10356,WANDK,6,"2013-11-18","2013-11-27",2,36.71,69,28.8,20,0.0,400.0
10357,LILAS,1,"2013-11-19","2013-12-02",3,34.88,10,24.8,30,0.2,720.0
10357,LILAS,1,"2013-11-19","2013-12-02",3,34.88,26,24.9,16,0.0,256.0
10357,LILAS,1,"2013-11-19","2013-12-02",3,34.88,60,27.2,8,0.2,51.0
10358,LAMAI,5,"2013-11-20","2013-11-27",1,19.64,24,3.6,10,0.05,95.0
10358,LAMAI,5,"2013-11-20","2013-11-27",1,19.64,34,11.2,10,0.05,95.0
10358,LAMAI,5,"2013-11-20","2013-11-27",1,19.64,36,15.2,20,0.05,380.0
10359,SEVES,5,"2013-11-21","2013-11-26",3,288.43,16,13.9,56,0.05,2979.0
10359,SEVES,5,"2013-11-21","2013-11-26",3,288.43,31,10.0,70,0.05,4655.0
10359,SEVES,5,"2013-11-21","2013-11-26",3,288.43,60,27.2,80,0.05,6080.0
10360,BLONP,4,"2013-11-22","2013-12-02",3,131.7,28,36.4,30,0.0,900.0
10360,BLONP,4,"2013-11-22","2013-12-02",3,131.7,29,99.0,35,0.0,1225.0
10360,BLONP,4,"2013-11-22","2013-12-02",3,131.7,38,210.8,10,0.0,100.0
10360,BLONP,4,"2013-11-22","2013-12-02",3,131.7,49,16.0,35,0.0,1225.0
10360,BLONP,4,"2013-11-22","2013-12-02",3,131.7,54,5.9,28,0.0,784.0
10361,QUICK,1,"2013-11-22","2013-12-03",2,183.17,39,14.4,54,0.1,2624.0
10361,QUICK,1,"2013-11-22","2013-12-03",2,183.17,60,27.2,55,0.1,2723.0
10362,BONAP,3,"2013-11-25","2013-11-28",1,96.04,25,11.2,50,0.0,2500.0
10362,BONAP,3,"2013-11-25","2013-11-28",1,96.04,51,42.4,20,0.0,400.0
10362,BONAP,3,"2013-11-25","2013-11-28",1,96.04,54,5.9,24,0.0,576.0
10363,DRACD,4,"2013-11-26","2013-12-04",3,30.54,31,10.0,20,0.0,400.0
10363,DRACD,4,"2013-11-26","2013-12-04",3,30.54,75,6.2,12,0.0,144.0
10363,DRACD,4,"2013-11-26","2013-12-04",3,30.54,76,14.4,12,0.0,144.0
10364,EASTC,1,"2013-11-26","2013-12-04",1,71.97,69,28.8,30,0.0,900.0
10364,EASTC,1,"2013-11-26","2013-12-04",1,71.97,71,17.2,5,0.0,25.0
10365,ANTON,3,"2013-11-27","2013-12-02",2,22.0,11,16.8,24,0.0,576.0
10366,GALED,8,"2013-11-28","2013-12-30",2,10.14,65,16.8,5,0.0,25.0
10366,GALED,8,"2013-11-28","2013-12-30",2,10.14,77,10.4,5,0.0,25.0
10367,VAFFE,7,"2013-11-28","2013-12-02",3,13.55,34,11.2,36,0.0,1296.0
10367,VAFFE,7,"2013-11-28","2013-12-02",3,13.55,54,5.9,18,0.0,324.0
10367,VAFFE,7,"2013-11-28","2013-12-02",3,13.55,65,16.8,15,0.0,225.0
10367,VAFFE,7,"2013-11-28","2013-12-02",3,13.55,77,10.4,7,0.0,49.0
10368,ERNSH,2,"2013-11-29","2013-12-02",2,101.95,21,8.0,5,0.1,23.0
10368,ERNSH,2,"2013-11-29","2013-12-02",2,101.95,28,36.4,13,0.1,152.0
10368,ERNSH,2,"2013-11-29","2013-12-02",2,101.95,57,15.6,25,0.0,625.0
10368,ERNSH,2,"2013-11-29","2013-12-02",2,101.95,64,26.6,35,0.1,1103.0
10369,SPLIR,8,"2013-12-02","2013-12-09",2,195.68,29,99.0,20,0.0,400.0
10369,SPLIR,8,"2013-12-02","2013-12-09",2,195.68,56,30.4,18,0.25,243.0
10370,CHOPS,6,"2013-12-03","2013-12-27",2,1.17,1,14.4,15,0.15,191.0
10370,CHOPS,6,"2013-12-03","2013-12-27",2,1.17,64,26.6,30,0.0,900.0
10370,CHOPS,6,"2013-12-03","2013-12-27",2,1.17,74,8.0,20,0.15,340.0
10371,LAMAI,1,"2013-12-03","2013-12-24",1,0.45,36,15.2,6,0.2,29.0
10372,QUEEN,5,"2013-12-04","2013-12-09",2,890.78,20,64.8,12,0.25,108.0
10372,QUEEN,5,"2013-12-04","2013-12-09",2,890.78,38,210.8,40,0.25,1200.0
10372,QUEEN,5,"2013-12-04","2013-12-09",2,890.78,60,27.2,70,0.25,3675.0
10372,QUEEN,5,"2013-12-04","2013-12-09",2,890.78,72,27.8,42,0.25,1323.0
10373,HUNGO,4,"2013-12-05","2013-12-11",3,124.12,58,10.6,80,0.2,5120.0
10373,HUNGO,4,"2013-12-05","2013-12-11",3,124.12,71,17.2,50,0.2,2000.0
10374,WOLZA,1,"2013-12-05","2013-12-09",3,3.94,31,10.0,30,0.0,900.0
10374,WOLZA,1,"2013-12-05","2013-12-09",3,3.94,58,10.6,15,0.0,225.0
10375,HUNGC,3,"2013-12-06","2013-12-09",2,20.12,14,18.6,15,0.0,225.0
10375,HUNGC,3,"2013-12-06","2013-12-09",2,20.12,54,5.9,10,0.0,100.0
10376,MEREP,1,"2013-12-09","2013-12-13",2,20.39,31,10.0,42,0.05,1676.0
10377,SEVES,1,"2013-12-09","2013-12-13",3,22.21,28,36.4,20,0.15,340.0
10377,SEVES,1,"2013-12-09","2013-12-13",3,22.21,39,14.4,20,0.15,340.0
10378,FOLKO,5,"2013-12-10","2013-12-19",3,5.44,71,17.2,6,0.0,36.0
10379,QUEDE,2,"2013-12-11","2013-12-13",1,45.03,41,7.7,8,0.1,58.0
10379,QUEDE,2,"2013-12-11","2013-12-13",1,45.03,63,35.1,16,0.1,230.0
10379,QUEDE,2,"2013-12-11","2013-12-13",1,45.03,65,16.8,20,0.1,360.0
10380,HUNGO,8,"2013-12-12","2014-01-16",3,35.03,30,20.7,18,0.1,292.0
10380,HUNGO,8,"2013-12-12","2014-01-16",3,35.03,53,26.2,20,0.1,360.0
10380,HUNGO,8,"2013-12-12","2014-01-16",3,35.03,60,27.2,6,0.1,32.0
10380,HUNGO,8,"2013-12-12","2014-01-16",3,35.03,70,12.0,30,0.0,900.0
10381,LILAS,3,"2013-12-12","2013-12-13",3,7.99,74,8.0,14,0.0,196.0
10382,ERNSH,4,"2013-12-13","2013-12-16",1,94.77,5,17.0,32,0.0,1024.0
10382,ERNSH,4,"2013-12-13","2013-12-16",1,94.77,18,50.0,9,0.0,81.0
10382,ERNSH,4,"2013-12-13","2013-12-16",1,94.77,29,99.0,14,0.0,196.0
10382,ERNSH,4,"2013-12-13","2013-12-16",1,94.77,33,2.0,60,0.0,3600.0
10382,ERNSH,4,"2013-12-13","2013-12-16",1,94.77,74,8.0,50,0.0,2500.0
10383,AROUT,8,"2013-12-16","2013-12-18",3,34.24,13,4.8,20,0.0,400.0
10383,AROUT,8,"2013-12-16","2013-12-18",3,34.24,50,13.0,15,0.0,225.0
10383,AROUT,8,"2013-12-16","2013-12-18",3,34.24,56,30.4,20,0.0,400.0
10384,BERGS,3,"2013-12-16","2013-12-20",3,168.64,20,64.8,28,0.0,784.0
10384,BERGS,3,"2013-12-16","2013-12-20",3,168.64,60,27.2,15,0.0,225.0
10385,SPLIR,1,"2013-12-17","2013-12-23",2,30.96,7,24.0,10,0.2,80.0
10385,SPLIR,1,"2013-12-17","2013-12-23",2,30.96,60,27.2,20,0.2,320.0
10385,SPLIR,1,"2013-12-17","2013-12-23",2,30.96,68,10.0,8,0.2,51.0
10386,FAMIA,9,"2013-12-18","2013-12-25",3,13.99,24,3.6,15,0.0,225.0
10386,FAMIA,9,"2013-12-18","2013-12-25",3,13.99,34,11.2,10,0.0,100.0
10387,SANTG,1,"2013-12-18","2013-12-20",2,93.63,24,3.6,15,0.0,225.0
10387,SANTG,1,"2013-12-18","2013-12-20",2,93.63,28,36.4,6,0.0,36.0
10387,SANTG,1,"2013-12-18","2013-12-20",2,93.63,59,44.0,12,0.0,144.0
10387,SANTG,1,"2013-12-18","2013-12-20",2,93.63,71,17.2,15,0.0,225.0
10388,SEVES,2,"2013-12-19","2013-12-20",1,34.86,45,7.6,15,0.2,180.0
10388,SEVES,2,"2013-12-19","2013-12-20",1,34.86,52,5.6,20,0.2,320.0
10388,SEVES,2,"2013-12-19","2013-12-20",1,34.86,53,26.2,40,0.0,1600.0
10389,BOTTM,4,"2013-12-20","2013-12-24",2,47.42,10,24.8,16,0.0,256.0
10389,BOTTM,4,"2013-12-20","2013-12-24",2,47.42,55,19.2,15,0.0,225.0
10389,BOTTM,4,"2013-12-20","2013-12-24",2,47.42,62,39.4,20,0.0,400.0
10389,BOTTM,4,"2013-12-20","2013-12-24",2,47.42,70,12.0,30,0.0,900.0
10390,ERNSH,6,"2013-12-23","2013-12-26",1,126.38,31,10.0,60,0.1,3240.0
10390,ERNSH,6,"2013-12-23","2013-12-26",1,126.38,35,14.4,40,0.1,1440.0
10390,ERNSH,6,"2013-12-23","2013-12-26",1,126.38,46,9.6,45,0.0,2025.0
10390,ERNSH,6,"2013-12-23","2013-12-26",1,126.38,72,27.8,24,0.1,518.0
10391,DRACD,3,"2013-12-23","2013-12-31",3,5.45,13,4.8,18,0.0,324.0
10392,PICCO,2,"2013-12-24","2014-01-01",3,122.46,69,28.8,50,0.0,2500.0
10393,SAVEA,1,"2013-12-25","2014-01-03",3,126.56,2,15.2,25,0.25,469.0
10393,SAVEA,1,"2013-12-25","2014-01-03",3,126.56,14,18.6,42,0.25,1323.0
10393,SAVEA,1,"2013-12-25","2014-01-03",3,126.56,25,11.2,7,0.25,37.0
10393,SAVEA,1,"2013-12-25","2014-01-03",3,126.56,26,24.9,70,0.25,3675.0
10393,SAVEA,1,"2013-12-25","2014-01-03",3,126.56,31,10.0,32,0.0,1024.0
10394,HUNGC,1,"2013-12-25","2014-01-03",3,30.34,13,4.8,10,0.0,100.0
10394,HUNGC,1,"2013-12-25","2014-01-03",3,30.34,62,39.4,10,0.0,100.0
10395,HILAA,6,"2013-12-26","2014-01-03",1,184.41,46,9.6,28,0.1,706.0
10395,HILAA,6,"2013-12-26","2014-01-03",1,184.41,53,26.2,70,0.1,4410.0
10395,HILAA,6,"2013-12-26","2014-01-03",1,184.41,69,28.8,8,0.0,64.0
10396,FRANK,1,"2013-12-27","2014-01-06",3,135.35,23,7.2,40,0.0,1600.0
10396,FRANK,1,"2013-12-27","2014-01-06",3,135.35,71,17.2,60,0.0,3600.0
10396,FRANK,1,"2013-12-27","2014-01-06",3,135.35,72,27.8,21,0.0,441.0
10397,PRINI,5,"2013-12-27","2014-01-02",1,60.26,21,8.0,10,0.15,85.0
10397,PRINI,5,"2013-12-27","2014-01-02",1,60.26,51,42.4,18,0.15,275.0
10398,SAVEA,2,"2013-12-30","2014-01-09",3,89.16,35,14.4,30,0.0,900.0
10398,SAVEA,2,"2013-12-30","2014-01-09",3,89.16,55,19.2,120,0.1,12960.0
10399,VAFFE,8,"2013-12-31","2014-01-08",3,27.36,68,10.0,60,0.0,3600.0
10399,VAFFE,8,"2013-12-31","2014-01-08",3,27.36,71,17.2,30,0.0,900.0
10399,VAFFE,8,"2013-12-31","2014-01-08",3,27.36,76,14.4,35,0.0,1225.0
10399,VAFFE,8,"2013-12-31","2014-01-08",3,27.36,77,10.4,14,0.0,196.0
10400,EASTC,1,"2014-01-01","2014-01-16",3,83.93,29,99.0,21,0.0,441.0
10400,EASTC,1,"2014-01-01","2014-01-16",3,83.93,35,14.4,35,0.0,1225.0
10400,EASTC,1,"2014-01-01","2014-01-16",3,83.93,49,16.0,30,0.0,900.0
10401,RATTC,1,"2014-01-01","2014-01-10",1,12.51,30,20.7,18,0.0,324.0
10401,RATTC,1,"2014-01-01","2014-01-10",1,12.51,56,30.4,70,0.0,4900.0
10401,RATTC,1,"2014-01-01","2014-01-10",1,12.51,65,16.8,20,0.0,400.0
10401,RATTC,1,"2014-01-01","2014-01-10",1,12.51,71,17.2,60,0.0,3600.0
10402,ERNSH,8,"2014-01-02","2014-01-10",2,67.88,23,7.2,60,0.0,3600.0
10402,ERNSH,8,"2014-01-02","2014-01-10",2,67.88,63,35.1,65,0.0,4225.0
10403,ERNSH,4,"2014-01-03","2014-01-09",3,73.79,16,13.9,21,0.15,375.0
10403,ERNSH,4,"2014-01-03","2014-01-09",3,73.79,48,10.2,70,0.15,4165.0
10404,MAGAA,2,"2014-01-03","2014-01-08",1,155.97,26,24.9,30,0.05,855.0
10404,MAGAA,2,"2014-01-03","2014-01-08",1,155.97,42,11.2,40,0.05,1520.0
10404,MAGAA,2,"2014-01-03","2014-01-08",1,155.97,49,16.0,30,0.05,855.0
10405,LINOD,1,"2014-01-06","2014-01-22",1,34.82,3,8.0,50,0.0,2500.0
10406,QUEEN,7,"2014-01-07","2014-01-13",1,108.04,1,14.4,10,0.0,100.0
10406,QUEEN,7,"2014-01-07","2014-01-13",1,108.04,21,8.0,30,0.1,810.0
10406,QUEEN,7,"2014-01-07","2014-01-13",1,108.04,28,36.4,42,0.1,1588.0
10406,QUEEN,7,"2014-01-07","2014-01-13",1,108.04,36,15.2,5,0.1,23.0
10406,QUEEN,7,"2014-01-07","2014-01-13",1,108.04,40,14.7,2,0.1,4.0
10407,OTTIK,2,"2014-01-07","2014-01-30",2,91.48,11,16.8,30,0.0,900.0
10407,OTTIK,2,"2014-01-07","2014-01-30",2,91.48,69,28.8,15,0.0,225.0
10407,OTTIK,2,"2014-01-07","2014-01-30",2,91.48,71,17.2,15,0.0,225.0
10408,FOLIG,8,"2014-01-08","2014-01-14",1,11.26,37,20.8,10,0.0,100.0
10408,FOLIG,8,"2014-01-08","2014-01-14",1,11.26,54,5.9,6,0.0,36.0
10408,FOLIG,8,"2014-01-08","2014-01-14",1,11.26,62,39.4,35,0.0,1225.0
10409,OCEAN,3,"2014-01-09","2014-01-14",1,29.83,14,18.6,12,0.0,144.0
10409,OCEAN,3,"2014-01-09","2014-01-14",1,29.83,21,8.0,12,0.0,144.0
10410,BOTTM,3,"2014-01-10","2014-01-15",3,2.4,33,2.0,49,0.0,2401.0
10410,BOTTM,3,"2014-01-10","2014-01-15",3,2.4,59,44.0,16,0.0,256.0
10411,BOTTM,9,"2014-01-10","2014-01-21",3,23.65,41,7.7,25,0.2,500.0
10411,BOTTM,9,"2014-01-10","2014-01-21",3,23.65,44,15.5,40,0.2,1280.0
10411,BOTTM,9,"2014-01-10","2014-01-21",3,23.65,59,44.0,9,0.2,65.0
10412,WARTH,8,"2014-01-13","2014-01-15",2,3.77,14,18.6,20,0.1,360.0
10413,LAMAI,3,"2014-01-14","2014-01-16",2,95.66,1,14.4,24,0.0,576.0
10413,LAMAI,3,"2014-01-14","2014-01-16",2,95.66,62,39.4,40,0.0,1600.0
10413,LAMAI,3,"2014-01-14","2014-01-16",2,95.66,76,14.4,14,0.0,196.0
10414,FAMIA,2,"2014-01-14","2014-01-17",3,21.48,19,7.3,18,0.05,308.0
10414,FAMIA,2,"2014-01-14","2014-01-17",3,21.48,33,2.0,50,0.0,2500.0
10415,HUNGC,3,"2014-01-15","2014-01-24",1,0.2,17,31.2,2,0.0,4.0
10415,HUNGC,3,"2014-01-15","2014-01-24",1,0.2,33,2.0,20,0.0,400.0
10416,WARTH,8,"2014-01-16","2014-01-27",3,22.72,19,7.3,20,0.0,400.0
10416,WARTH,8,"2014-01-16","2014-01-27",3,22.72,53,26.2,10,0.0,100.0
10416,WARTH,8,"2014-01-16","2014-01-27",3,22.72,57,15.6,20,0.0,400.0
10417,SIMOB,4,"2014-01-16","2014-01-28",3,70.29,38,210.8,50,0.0,2500.0
10417,SIMOB,4,"2014-01-16","2014-01-28",3,70.29,46,9.6,2,0.25,3.0
10417,SIMOB,4,"2014-01-16","2014-01-28",3,70.29,68,10.0,36,0.25,972.0
10417,SIMOB,4,"2014-01-16","2014-01-28",3,70.29,77,10.4,35,0.0,1225.0
10418,QUICK,4,"2014-01-17","2014-01-24",1,17.55,2,15.2,60,0.0,3600.0
10418,QUICK,4,"2014-01-17","2014-01-24",1,17.55,47,7.6,55,0.0,3025.0
10418,QUICK,4,"2014-01-17","2014-01-24",1,17.55,61,22.8,16,0.0,256.0
10418,QUICK,4,"2014-01-17","2014-01-24",1,17.55,74,8.0,15,0.0,225.0
10419,RICSU,4,"2014-01-20","2014-01-30",2,137.35,60,27.2,60,0.05,3420.0
10419,RICSU,4,"2014-01-20","2014-01-30",2,137.35,69,28.8,20,0.05,380.0
10420,WELLI,3,"2014-01-21","2014-01-27",1,44.12,9,77.6,20,0.1,360.0
10420,WELLI,3,"2014-01-21","2014-01-27",1,44.12,13,4.8,2,0.1,4.0
10420,WELLI,3,"2014-01-21","2014-01-27",1,44.12,70,12.0,8,0.1,58.0
10420,WELLI,3,"2014-01-21","2014-01-27",1,44.12,73,12.0,20,0.1,360.0
10421,QUEDE,8,"2014-01-21","2014-01-27",1,99.23,19,7.3,4,0.15,14.0
10421,QUEDE,8,"2014-01-21","2014-01-27",1,99.23,26,24.9,30,0.0,900.0
10421,QUEDE,8,"2014-01-21","2014-01-27",1,99.23,53,26.2,15,0.15,191.0
10421,QUEDE,8,"2014-01-21","2014-01-27",1,99.23,77,10.4,10,0.15,85.0
10422,FRANS,2,"2014-01-22","2014-01-31",1,3.02,26,24.9,2,0.0,4.0
10423,GOURL,6,"2014-01-23","2014-02-24",3,24.5,31,10.0,14,0.0,196.0
10423,GOURL,6,"2014-01-23","2014-02-24",3,24.5,59,44.0,20,0.0,400.0
10424,MEREP,7,"2014-01-23","2014-01-27",2,370.61,35,14.4,60,0.2,2880.0
10424,MEREP,7,"2014-01-23","2014-01-27",2,370.61,38,210.8,49,0.2,1921.0
10424,MEREP,7,"2014-01-23","2014-01-27",2,370.61,68,10.0,30,0.2,720.0
10425,LAMAI,6,"2014-01-24","2014-02-14",2,7.93,55,19.2,10,0.25,75.0
10425,LAMAI,6,"2014-01-24","2014-02-14",2,7.93,76,14.4,20,0.25,300.0
10426,GALED,4,"2014-01-27","2014-02-06",1,18.69,56,30.4,5,0.0,25.0
10426,GALED,4,"2014-01-27","2014-02-06",1,18.69,64,26.6,7,0.0,49.0
10427,PICCO,4,"2014-01-27","2014-03-03",2,31.29,14,18.6,35,0.0,1225.0
10428,REGGC,7,"2014-01-28","2014-02-04",1,11.09,46,9.6,20,0.0,400.0
10429,HUNGO,3,"2014-01-29","2014-02-07",2,56.63,50,13.0,40,0.0,1600.0
10429,HUNGO,3,"2014-01-29","2014-02-07",2,56.63,63,35.1,35,0.25,919.0
10430,ERNSH,4,"2014-01-30","2014-02-03",1,458.78,17,31.2,45,0.2,1620.0
10430,ERNSH,4,"2014-01-30","2014-02-03",1,458.78,21,8.0,50,0.0,2500.0
10430,ERNSH,4,"2014-01-30","2014-02-03",1,458.78,56,30.4,30,0.0,900.0
10430,ERNSH,4,"2014-01-30","2014-02-03",1,458.78,59,44.0,70,0.2,3920.0
10431,BOTTM,4,"2014-01-30","2014-02-07",2,44.17,17,31.2,50,0.25,1875.0
10431,BOTTM,4,"2014-01-30","2014-02-07",2,44.17,40,14.7,50,0.25,1875.0
10431,BOTTM,4,"2014-01-30","2014-02-07",2,44.17,47,7.6,30,0.25,675.0
10432,SPLIR,3,"2014-01-31","2014-02-07",2,4.34,26,24.9,10,0.0,100.0
10432,SPLIR,3,"2014-01-31","2014-02-07",2,4.34,54,5.9,40,0.0,1600.0
10433,PRINI,3,"2014-02-03","2014-03-04",3,73.83,56,30.4,28,0.0,784.0
10434,FOLKO,3,"2014-02-03","2014-02-13",2,17.92,11,16.8,6,0.0,36.0
10434,FOLKO,3,"2014-02-03","2014-02-13",2,17.92,76,14.4,18,0.15,275.0
10435,CONSH,8,"2014-02-04","2014-02-07",2,9.21,2,15.2,10,0.0,100.0
10435,CONSH,8,"2014-02-04","2014-02-07",2,9.21,22,16.8,12,0.0,144.0
10435,CONSH,8,"2014-02-04","2014-02-07",2,9.21,72,27.8,10,0.0,100.0
10436,BLONP,3,"2014-02-05","2014-02-11",2,156.66,46,9.6,5,0.0,25.0
10436,BLONP,3,"2014-02-05","2014-02-11",2,156.66,56,30.4,40,0.1,1440.0
10436,BLONP,3,"2014-02-05","2014-02-11",2,156.66,64,26.6,30,0.1,810.0
10436,BLONP,3,"2014-02-05","2014-02-11",2,156.66,75,6.2,24,0.1,518.0
10437,WARTH,8,"2014-02-05","2014-02-12",1,19.97,53,26.2,15,0.0,225.0
10438,TOMSP,3,"2014-02-06","2014-02-14",2,8.24,19,7.3,15,0.2,180.0
10438,TOMSP,3,"2014-02-06","2014-02-14",2,8.24,34,11.2,20,0.2,320.0
10438,TOMSP,3,"2014-02-06","2014-02-14",2,8.24,57,15.6,15,0.2,180.0
10439,MEREP,6,"2014-02-07","2014-02-10",3,4.07,12,30.4,15,0.0,225.0
10439,MEREP,6,"2014-02-07","2014-02-10",3,4.07,16,13.9,16,0.0,256.0
10439,MEREP,6,"2014-02-07","2014-02-10",3,4.07,64,26.6,6,0.0,36.0
10439,MEREP,6,"2014-02-07","2014-02-10",3,4.07,74,8.0,30,0.0,900.0
10440,SAVEA,4,"2014-02-10","2014-02-28",2,86.53,2,15.2,45,0.15,1721.0
10440,SAVEA,4,"2014-02-10","2014-02-28",2,86.53,16,13.9,49,0.15,2041.0
10440,SAVEA,4,"2014-02-10","2014-02-28",2,86.53,29,99.0,24,0.15,490.0
10440,SAVEA,4,"2014-02-10","2014-02-28",2,86.53,61,22.8,90,0.15,6885.0
10441,OLDWO,3,"2014-02-10","2014-03-14",2,73.02,27,35.1,50,0.0,2500.0
10442,ERNSH,3,"2014-02-11","2014-02-18",2,47.94,11,16.8,30,0.0,900.0
10442,ERNSH,3,"2014-02-11","2014-02-18",2,47.94,54,5.9,80,0.0,6400.0
10442,ERNSH,3,"2014-02-11","2014-02-18",2,47.94,66,13.6,60,0.0,3600.0
10443,REGGC,8,"2014-02-12","2014-02-14",1,13.95,11,16.8,6,0.2,29.0
10443,REGGC,8,"2014-02-12","2014-02-14",1,13.95,28,36.4,12,0.0,144.0
10444,BERGS,3,"2014-02-12","2014-02-21",3,3.5,17,31.2,10,0.0,100.0
10444,BERGS,3,"2014-02-12","2014-02-21",3,3.5,26,24.9,15,0.0,225.0
10444,BERGS,3,"2014-02-12","2014-02-21",3,3.5,35,14.4,8,0.0,64.0
10444,BERGS,3,"2014-02-12","2014-02-21",3,3.5,41,7.7,30,0.0,900.0
10445,BERGS,3,"2014-02-13","2014-02-20",1,9.3,39,14.4,6,0.0,36.0
10445,BERGS,3,"2014-02-13","2014-02-20",1,9.3,54,5.9,15,0.0,225.0
10446,TOMSP,6,"2014-02-14","2014-02-19",1,14.68,19,7.3,12,0.1,130.0
10446,TOMSP,6,"2014-02-14","2014-02-19",1,14.68,24,3.6,20,0.1,360.0
10446,TOMSP,6,"2014-02-14","2014-02-19",1,14.68,31,10.0,3,0.1,8.0
10446,TOMSP,6,"2014-02-14","2014-02-19",1,14.68,52,5.6,15,0.1,203.0
10447,RICAR,4,"2014-02-14","2014-03-07",2,68.66,19,7.3,40,0.0,1600.0
10447,RICAR,4,"2014-02-14","2014-03-07",2,68.66,65,16.8,35,0.0,1225.0
10447,RICAR,4,"2014-02-14","2014-03-07",2,68.66,71,17.2,2,0.0,4.0
10448,RANCH,4,"2014-02-17","2014-02-24",2,38.82,26,24.9,6,0.0,36.0
10448,RANCH,4,"2014-02-17","2014-02-24",2,38.82,40,14.7,20,0.0,400.0
10449,BLONP,3,"2014-02-18","2014-02-27",2,53.3,10,24.8,14,0.0,196.0
10449,BLONP,3,"2014-02-18","2014-02-27",2,53.3,52,5.6,20,0.0,400.0
10449,BLONP,3,"2014-02-18","2014-02-27",2,53.3,62,39.4,35,0.0,1225.0
10450,VICTE,8,"2014-02-19","2014-03-11",2,7.23,10,24.8,20,0.2,320.0
10450,VICTE,8,"2014-02-19","2014-03-11",2,7.23,54,5.9,6,0.2,29.0
10451,QUICK,4,"2014-02-19","2014-03-12",3,189.09,55,19.2,120,0.1,12960.0
10451,QUICK,4,"2014-02-19","2014-03-12",3,189.09,64,26.6,35,0.1,1103.0
10451,QUICK,4,"2014-02-19","2014-03-12",3,189.09,65,16.8,28,0.1,706.0
10451,QUICK,4,"2014-02-19","2014-03-12",3,189.09,77,10.4,55,0.1,2723.0
10452,SAVEA,8,"2014-02-20","2014-02-26",1,140.26,28,36.4,15,0.0,225.0
10452,SAVEA,8,"2014-02-20","2014-02-26",1,140.26,44,15.5,100,0.05,9500.0
10453,AROUT,1,"2014-02-21","2014-02-26",2,25.36,48,10.2,15,0.1,203.0
10453,AROUT,1,"2014-02-21","2014-02-26",2,25.36,70,12.0,25,0.1,563.0
10454,LAMAI,4,"2014-02-21","2014-02-25",3,2.74,16,13.9,20,0.2,320.0
10454,LAMAI,4,"2014-02-21","2014-02-25",3,2.74,33,2.0,20,0.2,320.0
10454,LAMAI,4,"2014-02-21","2014-02-25",3,2.74,46,9.6,10,0.2,80.0
10455,WARTH,8,"2014-02-24","2014-03-03",2,180.45,39,14.4,20,0.0,400.0
10455,WARTH,8,"2014-02-24","2014-03-03",2,180.45,53,26.2,50,0.0,2500.0
10455,WARTH,8,"2014-02-24","2014-03-03",2,180.45,61,22.8,25,0.0,625.0
10455,WARTH,8,"2014-02-24","2014-03-03",2,180.45,71,17.2,30,0.0,900.0
10456,KOENE,8,"2014-02-25","2014-02-28",2,8.12,21,8.0,40,0.15,1360.0
10456,KOENE,8,"2014-02-25","2014-02-28",2,8.12,49,16.0,21,0.15,375.0
10457,KOENE,2,"2014-02-25","2014-03-03",1,11.57,59,44.0,36,0.0,1296.0
10458,SUPRD,7,"2014-02-26","2014-03-04",3,147.06,26,24.9,30,0.0,900.0
10458,SUPRD,7,"2014-02-26","2014-03-04",3,147.06,28,36.4,30,0.0,900.0
10458,SUPRD,7,"2014-02-26","2014-03-04",3,147.06,43,36.8,20,0.0,400.0
10458,SUPRD,7,"2014-02-26","2014-03-04",3,147.06,56,30.4,15,0.0,225.0
10458,SUPRD,7,"2014-02-26","2014-03-04",3,147.06,71,17.2,50,0.0,2500.0
10459,VICTE,4,"2014-02-27","2014-02-28",2,25.09,7,24.0,16,0.05,243.0
10459,VICTE,4,"2014-02-27","2014-02-28",2,25.09,46,9.6,20,0.05,380.0
10459,VICTE,4,"2014-02-27","2014-02-28",2,25.09,72,27.8,40,0.0,1600.0
10460,FOLKO,8,"2014-02-28","2014-03-03",1,16.27,68,10.0,21,0.25,331.0
10460,FOLKO,8,"2014-02-28","2014-03-03",1,16.27,75,6.2,4,0.25,12.0
10461,LILAS,1,"2014-02-28","2014-03-05",3,148.61,21,8.0,40,0.25,1200.0
10461,LILAS,1,"2014-02-28","2014-03-05",3,148.61,30,20.7,28,0.25,588.0
10461,LILAS,1,"2014-02-28","2014-03-05",3,148.61,55,19.2,60,0.25,2700.0
10462,CONSH,2,"2014-03-03","2014-03-18",1,6.17,13,4.8,1,0.0,1.0
10462,CONSH,2,"2014-03-03","2014-03-18",1,6.17,23,7.2,21,0.0,441.0
10463,SUPRD,5,"2014-03-04","2014-03-06",3,14.78,19,7.3,21,0.0,441.0
10463,SUPRD,5,"2014-03-04","2014-03-06",3,14.78,42,11.2,50,0.0,2500.0
10464,FURIB,4,"2014-03-04","2014-03-14",2,89.0,4,17.6,16,0.2,205.0
10464,FURIB,4,"2014-03-04","2014-03-14",2,89.0,43,36.8,3,0.0,9.0
10464,FURIB,4,"2014-03-04","2014-03-14",2,89.0,56,30.4,30,0.2,720.0
10464,FURIB,4,"2014-03-04","2014-03-14",2,89.0,60,27.2,20,0.0,400.0
10465,VAFFE,1,"2014-03-05","2014-03-14",3,145.04,24,3.6,25,0.0,625.0
10465,VAFFE,1,"2014-03-05","2014-03-14",3,145.04,29,99.0,18,0.1,292.0
10465,VAFFE,1,"2014-03-05","2014-03-14",3,145.04,40,14.7,20,0.0,400.0
10465,VAFFE,1,"2014-03-05","2014-03-14",3,145.04,45,7.6,30,0.1,810.0
10465,VAFFE,1,"2014-03-05","2014-03-14",3,145.04,50,13.0,25,0.0,625.0
10466,COMMI,4,"2014-03-06","2014-03-13",1,11.93,11,16.8,10,0.0,100.0
10466,COMMI,4,"2014-03-06","2014-03-13",1,11.93,46,9.6,5,0.0,25.0
10467,MAGAA,8,"2014-03-06","2014-03-11",2,4.93,24,3.6,28,0.0,784.0
10467,MAGAA,8,"2014-03-06","2014-03-11",2,4.93,25,11.2,12,0.0,144.0
10468,KOENE,3,"2014-03-07","2014-03-12",3,44.12,30,20.7,8,0.0,64.0
10468,KOENE,3,"2014-03-07","2014-03-12",3,44.12,43,36.8,15,0.0,225.0
10469,WHITC,1,"2014-03-10","2014-03-14",1,60.18,2,15.2,40,0.15,1360.0
10469,WHITC,1,"2014-03-10","2014-03-14",1,60.18,16,13.9,35,0.15,1041.0
10469,WHITC,1,"2014-03-10","2014-03-14",1,60.18,44,15.5,2,0.15,3.0
10470,BONAP,4,"2014-03-11","2014-03-14",2,64.56,18,50.0,30,0.0,900.0
10470,BONAP,4,"2014-03-11","2014-03-14",2,64.56,23,7.2,15,0.0,225.0
10470,BONAP,4,"2014-03-11","2014-03-14",2,64.56,64,26.6,8,0.0,64.0
10471,BSBEV,2,"2014-03-11","2014-03-18",3,45.59,7,24.0,30,0.0,900.0
10471,BSBEV,2,"2014-03-11","2014-03-18",3,45.59,56,30.4,20,0.0,400.0
10472,SEVES,8,"2014-03-12","2014-03-19",1,4.2,24,3.6,80,0.05,6080.0
10472,SEVES,8,"2014-03-12","2014-03-19",1,4.2,51,42.4,18,0.0,324.0
10473,ISLAT,1,"2014-03-13","2014-03-21",3,16.37,33,2.0,12,0.0,144.0
10473,ISLAT,1,"2014-03-13","2014-03-21",3,16.37,71,17.2,12,0.0,144.0
10474,PERIC,5,"2014-03-13","2014-03-21",2,83.49,14,18.6,12,0.0,144.0
10474,PERIC,5,"2014-03-13","2014-03-21",2,83.49,28,36.4,18,0.0,324.0
10474,PERIC,5,"2014-03-13","2014-03-21",2,83.49,40,14.7,21,0.0,441.0
10474,PERIC,5,"2014-03-13","2014-03-21",2,83.49,75,6.2,10,0.0,100.0
10475,SUPRD,9,"2014-03-14","2014-04-04",1,68.52,31,10.0,35,0.15,1041.0
10475,SUPRD,9,"2014-03-14","2014-04-04",1,68.52,66,13.6,60,0.15,3060.0
10475,SUPRD,9,"2014-03-14","2014-04-04",1,68.52,76,14.4,42,0.15,1499.0
10476,HILAA,8,"2014-03-17","2014-03-24",3,4.41,55,19.2,2,0.05,4.0
10476,HILAA,8,"2014-03-17","2014-03-24",3,4.41,70,12.0,12,0.0,144.0
10477,PRINI,5,"2014-03-17","2014-03-25",2,13.02,1,14.4,15,0.0,225.0
10477,PRINI,5,"2014-03-17","2014-03-25",2,13.02,21,8.0,21,0.25,331.0
10477,PRINI,5,"2014-03-17","2014-03-25",2,13.02,39,14.4,20,0.25,300.0
10478,VICTE,2,"2014-03-18","2014-03-26",3,4.81,10,24.8,20,0.05,380.0
10479,RATTC,3,"2014-03-19","2014-03-21",3,708.95,38,210.8,30,0.0,900.0
10479,RATTC,3,"2014-03-19","2014-03-21",3,708.95,53,26.2,28,0.0,784.0
10479,RATTC,3,"2014-03-19","2014-03-21",3,708.95,59,44.0,60,0.0,3600.0
10479,RATTC,3,"2014-03-19","2014-03-21",3,708.95,64,26.6,30,0.0,900.0
10480,FOLIG,6,"2014-03-20","2014-03-24",2,1.35,47,7.6,30,0.0,900.0
10480,FOLIG,6,"2014-03-20","2014-03-24",2,1.35,59,44.0,12,0.0,144.0
10481,RICAR,8,"2014-03-20","2014-03-25",2,64.33,49,16.0,24,0.0,576.0
10481,RICAR,8,"2014-03-20","2014-03-25",2,64.33,60,27.2,40,0.0,1600.0
10482,LAZYK,1,"2014-03-21","2014-04-10",3,7.48,40,14.7,10,0.0,100.0
10483,WHITC,7,"2014-03-24","2014-04-25",2,15.28,34,11.2,35,0.05,1164.0
10483,WHITC,7,"2014-03-24","2014-04-25",2,15.28,77,10.4,30,0.05,855.0
10484,BSBEV,3,"2014-03-24","2014-04-01",3,6.88,21,8.0,14,0.0,196.0
10484,BSBEV,3,"2014-03-24","2014-04-01",3,6.88,40,14.7,10,0.0,100.0
10484,BSBEV,3,"2014-03-24","2014-04-01",3,6.88,51,42.4,3,0.0,9.0
10485,LINOD,4,"2014-03-25","2014-03-31",2,64.45,2,15.2,20,0.1,360.0
10485,LINOD,4,"2014-03-25","2014-03-31",2,64.45,3,8.0,20,0.1,360.0
10485,LINOD,4,"2014-03-25","2014-03-31",2,64.45,55,19.2,30,0.1,810.0
10485,LINOD,4,"2014-03-25","2014-03-31",2,64.45,70,12.0,60,0.1,3240.0
10486,HILAA,1,"2014-03-26","2014-04-02",2,30.53,11,16.8,5,0.0,25.0
10486,HILAA,1,"2014-03-26","2014-04-02",2,30.53,51,42.4,25,0.0,625.0
10486,HILAA,1,"2014-03-26","2014-04-02",2,30.53,74,8.0,16,0.0,256.0
10487,QUEEN,2,"2014-03-26","2014-03-28",2,71.07,19,7.3,5,0.0,25.0
10487,QUEEN,2,"2014-03-26","2014-03-28",2,71.07,26,24.9,30,0.0,900.0
10487,QUEEN,2,"2014-03-26","2014-03-28",2,71.07,54,5.9,24,0.25,432.0
10488,FRANK,8,"2014-03-27","2014-04-02",2,4.93,59,44.0,30,0.0,900.0
10488,FRANK,8,"2014-03-27","2014-04-02",2,4.93,73,12.0,20,0.2,320.0
10489,PICCO,6,"2014-03-28","2014-04-09",2,5.29,11,16.8,15,0.25,169.0
10489,PICCO,6,"2014-03-28","2014-04-09",2,5.29,16,13.9,18,0.0,324.0
10490,HILAA,7,"2014-03-31","2014-04-03",2,210.19,59,44.0,60,0.0,3600.0
10490,HILAA,7,"2014-03-31","2014-04-03",2,210.19,68,10.0,30,0.0,900.0
10490,HILAA,7,"2014-03-31","2014-04-03",2,210.19,75,6.2,36,0.0,1296.0
10491,FURIB,8,"2014-03-31","2014-04-08",3,16.96,44,15.5,15,0.15,191.0
10491,FURIB,8,"2014-03-31","2014-04-08",3,16.96,77,10.4,7,0.15,42.0
10492,BOTTM,3,"2014-04-01","2014-04-11",1,62.89,25,11.2,60,0.05,3420.0
10492,BOTTM,3,"2014-04-01","2014-04-11",1,62.89,42,11.2,20,0.05,380.0
10493,LAMAI,4,"2014-04-02","2014-04-10",3,10.64,65,16.8,15,0.1,203.0
10493,LAMAI,4,"2014-04-02","2014-04-10",3,10.64,66,13.6,10,0.1,90.0
10493,LAMAI,4,"2014-04-02","2014-04-10",3,10.64,69,28.8,10,0.1,90.0
10494,COMMI,4,"2014-04-02","2014-04-09",2,65.99,56,30.4,30,0.0,900.0
10495,LAUGB,3,"2014-04-03","2014-04-11",3,4.65,23,7.2,10,0.0,100.0
10495,LAUGB,3,"2014-04-03","2014-04-11",3,4.65,41,7.7,20,0.0,400.0
10495,LAUGB,3,"2014-04-03","2014-04-11",3,4.65,77,10.4,5,0.0,25.0
10496,TRADH,7,"2014-04-04","2014-04-07",2,46.77,31,10.0,20,0.05,380.0
10497,LEHMS,7,"2014-04-04","2014-04-07",1,36.21,56,30.4,14,0.0,196.0
10497,LEHMS,7,"2014-04-04","2014-04-07",1,36.21,72,27.8,25,0.0,625.0
10497,LEHMS,7,"2014-04-04","2014-04-07",1,36.21,77,10.4,25,0.0,625.0
10498,HILAA,8,"2014-04-07","2014-04-11",2,29.75,24,4.5,14,0.0,196.0
10498,HILAA,8,"2014-04-07","2014-04-11",2,29.75,40,18.4,5,0.0,25.0
10498,HILAA,8,"2014-04-07","2014-04-11",2,29.75,42,14.0,30,0.0,900.0
10499,LILAS,4,"2014-04-08","2014-04-16",2,102.02,28,45.6,20,0.0,400.0
10499,LILAS,4,"2014-04-08","2014-04-16",2,102.02,49,20.0,25,0.0,625.0
10500,LAMAI,6,"2014-04-09","2014-04-17",1,42.68,15,15.5,12,0.05,137.0
10500,LAMAI,6,"2014-04-09","2014-04-17",1,42.68,28,45.6,8,0.05,61.0
10501,BLAUS,9,"2014-04-09","2014-04-16",3,8.85,54,7.45,20,0.0,400.0
10502,PERIC,2,"2014-04-10","2014-04-29",1,69.32,45,9.5,21,0.0,441.0
10502,PERIC,2,"2014-04-10","2014-04-29",1,69.32,53,32.8,6,0.0,36.0
10502,PERIC,2,"2014-04-10","2014-04-29",1,69.32,67,14.0,30,0.0,900.0
10503,HUNGO,6,"2014-04-11","2014-04-16",2,16.74,14,23.25,70,0.0,4900.0
10503,HUNGO,6,"2014-04-11","2014-04-16",2,16.74,65,21.05,20,0.0,400.0
10504,WHITC,4,"2014-04-11","2014-04-18",3,59.13,2,19.0,12,0.0,144.0
10504,WHITC,4,"2014-04-11","2014-04-18",3,59.13,21,10.0,12,0.0,144.0
10504,WHITC,4,"2014-04-11","2014-04-18",3,59.13,53,32.8,10,0.0,100.0
10504,WHITC,4,"2014-04-11","2014-04-18",3,59.13,61,28.5,25,0.0,625.0
10505,MEREP,3,"2014-04-14","2014-04-21",3,7.13,62,49.3,3,0.0,9.0
10506,KOENE,9,"2014-04-15","2014-05-02",2,21.19,25,14.0,18,0.1,292.0
10506,KOENE,9,"2014-04-15","2014-05-02",2,21.19,70,15.0,14,0.1,176.0
10507,ANTON,7,"2014-04-15","2014-04-22",1,47.45,43,46.0,15,0.15,191.0
10507,ANTON,7,"2014-04-15","2014-04-22",1,47.45,48,12.75,15,0.15,191.0
10508,OTTIK,1,"2014-04-16","2014-05-13",2,4.99,13,6.0,10,0.0,100.0
10508,OTTIK,1,"2014-04-16","2014-05-13",2,4.99,39,18.0,10,0.0,100.0
10509,BLAUS,4,"2014-04-17","2014-04-29",1,0.15,28,45.6,3,0.0,9.0
10510,SAVEA,6,"2014-04-18","2014-04-28",3,367.63,29,123.79,36,0.0,1296.0
10510,SAVEA,6,"2014-04-18","2014-04-28",3,367.63,75,7.75,36,0.1,1166.0
10511,BONAP,4,"2014-04-18","2014-04-21",3,350.64,4,22.0,50,0.15,2125.0
10511,BONAP,4,"2014-04-18","2014-04-21",3,350.64,7,30.0,50,0.15,2125.0
10511,BONAP,4,"2014-04-18","2014-04-21",3,350.64,8,40.0,10,0.15,85.0
10512,FAMIA,7,"2014-04-21","2014-04-24",2,3.53,24,4.5,10,0.15,85.0
10512,FAMIA,7,"2014-04-21","2014-04-24",2,3.53,46,12.0,9,0.15,69.0
10512,FAMIA,7,"2014-04-21","2014-04-24",2,3.53,47,9.5,6,0.15,31.0
10512,FAMIA,7,"2014-04-21","2014-04-24",2,3.53,60,34.0,12,0.15,122.0
10513,WANDK,7,"2014-04-22","2014-04-28",1,105.65,21,10.0,40,0.2,1280.0
10513,WANDK,7,"2014-04-22","2014-04-28",1,105.65,32,32.0,50,0.2,2000.0
10513,WANDK,7,"2014-04-22","2014-04-28",1,105.65,61,28.5,15,0.2,180.0
10514,ERNSH,3,"2014-04-22","2014-05-16",2,789.95,20,81.0,39,0.0,1521.0
10514,ERNSH,3,"2014-04-22","2014-05-16",2,789.95,28,45.6,35,0.0,1225.0
10514,ERNSH,3,"2014-04-22","2014-05-16",2,789.95,56,38.0,70,0.0,4900.0
10514,ERNSH,3,"2014-04-22","2014-05-16",2,789.95,65,21.05,39,0.0,1521.0
10514,ERNSH,3,"2014-04-22","2014-05-16",2,789.95,75,7.75,50,0.0,2500.0
10515,QUICK,2,"2014-04-23","2014-05-23",1,204.47,9,97.0,16,0.15,218.0
10515,QUICK,2,"2014-04-23","2014-05-23",1,204.47,16,17.45,50,0.0,2500.0
10515,QUICK,2,"2014-04-23","2014-05-23",1,204.47,27,43.9,120,0.0,14400.0
10515,QUICK,2,"2014-04-23","2014-05-23",1,204.47,33,2.5,16,0.15,218.0
10515,QUICK,2,"2014-04-23","2014-05-23",1,204.47,60,34.0,84,0.15,5998.0
10516,HUNGO,2,"2014-04-24","2014-05-01",3,62.78,18,62.5,25,0.1,563.0
10516,HUNGO,2,"2014-04-24","2014-05-01",3,62.78,41,9.65,80,0.1,5760.0
10516,HUNGO,2,"2014-04-24","2014-05-01",3,62.78,42,14.0,20,0.0,400.0
10517,NORTS,3,"2014-04-24","2014-04-29",3,32.07,52,7.0,6,0.0,36.0
10517,NORTS,3,"2014-04-24","2014-04-29",3,32.07,59,55.0,4,0.0,16.0
10517,NORTS,3,"2014-04-24","2014-04-29",3,32.07,70,15.0,6,0.0,36.0
10518,TORTU,4,"2014-04-25","2014-05-05",2,218.15,24,4.5,5,0.0,25.0
10518,TORTU,4,"2014-04-25","2014-05-05",2,218.15,38,263.5,15,0.0,225.0
10518,TORTU,4,"2014-04-25","2014-05-05",2,218.15,44,19.45,9,0.0,81.0
10519,CHOPS,6,"2014-04-28","2014-05-01",3,91.76,10,31.0,16,0.05,243.0
10519,CHOPS,6,"2014-04-28","2014-05-01",3,91.76,56,38.0,40,0.0,1600.0
10519,CHOPS,6,"2014-04-28","2014-05-01",3,91.76,60,34.0,10,0.05,95.0
10520,SANTG,7,"2014-04-29","2014-05-01",1,13.37,24,4.5,8,0.0,64.0
10520,SANTG,7,"2014-04-29","2014-05-01",1,13.37,53,32.8,5,0.0,25.0
10521,CACTU,8,"2014-04-29","2014-05-02",2,17.22,35,18.0,3,0.0,9.0
10521,CACTU,8,"2014-04-29","2014-05-02",2,17.22,41,9.65,10,0.0,100.0
10521,CACTU,8,"2014-04-29","2014-05-02",2,17.22,68,12.5,6,0.0,36.0
10522,LEHMS,4,"2014-04-30","2014-05-06",1,45.33,1,18.0,40,0.2,1280.0
10522,LEHMS,4,"2014-04-30","2014-05-06",1,45.33,8,40.0,24,0.0,576.0
10522,LEHMS,4,"2014-04-30","2014-05-06",1,45.33,30,25.89,20,0.2,320.0
10522,LEHMS,4,"2014-04-30","2014-05-06",1,45.33,40,18.4,25,0.2,500.0
10523,SEVES,7,"2014-05-01","2014-05-30",2,77.63,17,39.0,25,0.1,563.0
10523,SEVES,7,"2014-05-01","2014-05-30",2,77.63,20,81.0,15,0.1,203.0
10523,SEVES,7,"2014-05-01","2014-05-30",2,77.63,37,26.0,18,0.1,292.0
10523,SEVES,7,"2014-05-01","2014-05-30",2,77.63,41,9.65,6,0.1,32.0
10524,BERGS,1,"2014-05-01","2014-05-07",2,244.79,10,31.0,2,0.0,4.0
10524,BERGS,1,"2014-05-01","2014-05-07",2,244.79,30,25.89,10,0.0,100.0
10524,BERGS,1,"2014-05-01","2014-05-07",2,244.79,43,46.0,60,0.0,3600.0
10524,BERGS,1,"2014-05-01","2014-05-07",2,244.79,54,7.45,15,0.0,225.0
10525,BONAP,1,"2014-05-02","2014-05-23",2,11.06,36,19.0,30,0.0,900.0
10525,BONAP,1,"2014-05-02","2014-05-23",2,11.06,40,18.4,15,0.1,203.0
10526,WARTH,4,"2014-05-05","2014-05-15",2,58.59,1,18.0,8,0.15,54.0
10526,WARTH,4,"2014-05-05","2014-05-15",2,58.59,13,6.0,10,0.0,100.0
10526,WARTH,4,"2014-05-05","2014-05-15",2,58.59,56,38.0,30,0.15,765.0
10527,QUICK,7,"2014-05-05","2014-05-07",1,41.9,4,22.0,50,0.1,2250.0
10527,QUICK,7,"2014-05-05","2014-05-07",1,41.9,36,19.0,30,0.1,810.0
10528,GREAL,6,"2014-05-06","2014-05-09",2,3.35,11,21.0,3,0.0,9.0
10528,GREAL,6,"2014-05-06","2014-05-09",2,3.35,33,2.5,8,0.2,51.0
10528,GREAL,6,"2014-05-06","2014-05-09",2,3.35,72,34.8,9,0.0,81.0
10529,MAISD,5,"2014-05-07","2014-05-09",2,66.69,55,24.0,14,0.0,196.0
10529,MAISD,5,"2014-05-07","2014-05-09",2,66.69,68,12.5,20,0.0,400.0
10529,MAISD,5,"2014-05-07","2014-05-09",2,66.69,69,36.0,10,0.0,100.0
10530,PICCO,3,"2014-05-08","2014-05-12",2,339.22,17,39.0,40,0.0,1600.0
10530,PICCO,3,"2014-05-08","2014-05-12",2,339.22,43,46.0,25,0.0,625.0
10530,PICCO,3,"2014-05-08","2014-05-12",2,339.22,61,28.5,20,0.0,400.0
10530,PICCO,3,"2014-05-08","2014-05-12",2,339.22,76,18.0,50,0.0,2500.0
10531,OCEAN,7,"2014-05-08","2014-05-19",1,8.12,59,55.0,2,0.0,4.0
10532,EASTC,7,"2014-05-09","2014-05-12",3,74.46,30,25.89,15,0.0,225.0
10532,EASTC,7,"2014-05-09","2014-05-12",3,74.46,66,17.0,24,0.0,576.0
10533,FOLKO,8,"2014-05-12","2014-05-22",1,188.04,4,22.0,50,0.05,2375.0
10533,FOLKO,8,"2014-05-12","2014-05-22",1,188.04,72,34.8,24,0.0,576.0
10533,FOLKO,8,"2014-05-12","2014-05-22",1,188.04,73,15.0,24,0.05,547.0
10534,LEHMS,8,"2014-05-12","2014-05-14",2,27.94,30,25.89,10,0.0,100.0
10534,LEHMS,8,"2014-05-12","2014-05-14",2,27.94,40,18.4,10,0.2,80.0
10534,LEHMS,8,"2014-05-12","2014-05-14",2,27.94,54,7.45,10,0.2,80.0
10535,ANTON,4,"2014-05-13","2014-05-21",1,15.64,11,21.0,50,0.1,2250.0
10535,ANTON,4,"2014-05-13","2014-05-21",1,15.64,40,18.4,10,0.1,90.0
10535,ANTON,4,"2014-05-13","2014-05-21",1,15.64,57,19.5,5,0.1,23.0
10535,ANTON,4,"2014-05-13","2014-05-21",1,15.64,59,55.0,15,0.1,203.0
10536,LEHMS,3,"2014-05-14","2014-06-06",2,58.88,12,38.0,15,0.25,169.0
10536,LEHMS,3,"2014-05-14","2014-06-06",2,58.88,31,12.5,20,0.0,400.0
10536,LEHMS,3,"2014-05-14","2014-06-06",2,58.88,33,2.5,30,0.0,900.0
10536,LEHMS,3,"2014-05-14","2014-06-06",2,58.88,60,34.0,35,0.25,919.0
10537,RICSU,1,"2014-05-14","2014-05-19",1,78.85,31,12.5,30,0.0,900.0
10537,RICSU,1,"2014-05-14","2014-05-19",1,78.85,51,53.0,6,0.0,36.0
10537,RICSU,1,"2014-05-14","2014-05-19",1,78.85,58,13.25,20,0.0,400.0
10537,RICSU,1,"2014-05-14","2014-05-19",1,78.85,72,34.8,21,0.0,441.0
10537,RICSU,1,"2014-05-14","2014-05-19",1,78.85,73,15.0,9,0.0,81.0
10538,BSBEV,9,"2014-05-15","2014-05-16",3,4.87,70,15.0,7,0.0,49.0
10538,BSBEV,9,"2014-05-15","2014-05-16",3,4.87,72,34.8,1,0.0,1.0
10539,BSBEV,6,"2014-05-16","2014-05-23",3,12.36,13,6.0,8,0.0,64.0
10539,BSBEV,6,"2014-05-16","2014-05-23",3,12.36,21,10.0,15,0.0,225.0
10539,BSBEV,6,"2014-05-16","2014-05-23",3,12.36,33,2.5,15,0.0,225.0
10539,BSBEV,6,"2014-05-16","2014-05-23",3,12.36,49,20.0,6,0.0,36.0
10540,QUICK,3,"2014-05-19","2014-06-13",3,1007.64,3,10.0,60,0.0,3600.0
10540,QUICK,3,"2014-05-19","2014-06-13",3,1007.64,26,31.23,40,0.0,1600.0
10540,QUICK,3,"2014-05-19","2014-06-13",3,1007.64,38,263.5,30,0.0,900.0
10540,QUICK,3,"2014-05-19","2014-06-13",3,1007.64,68,12.5,35,0.0,1225.0
10541,HANAR,2,"2014-05-19","2014-05-29",1,68.65,24,4.5,35,0.1,1103.0
10541,HANAR,2,"2014-05-19","2014-05-29",1,68.65,38,263.5,4,0.1,14.0
10541,HANAR,2,"2014-05-19","2014-05-29",1,68.65,65,21.05,36,0.1,1166.0
10541,HANAR,2,"2014-05-19","2014-05-29",1,68.65,71,21.5,9,0.1,73.0
10542,KOENE,1,"2014-05-20","2014-05-26",3,10.95,11,21.0,15,0.05,214.0
10542,KOENE,1,"2014-05-20","2014-05-26",3,10.95,54,7.45,24,0.05,547.0
10543,LILAS,8,"2014-05-21","2014-05-23",2,48.17,12,38.0,30,0.15,765.0
10543,LILAS,8,"2014-05-21","2014-05-23",2,48.17,23,9.0,70,0.15,4165.0
10544,LONEP,4,"2014-05-21","2014-05-30",1,24.91,28,45.6,7,0.0,49.0
10544,LONEP,4,"2014-05-21","2014-05-30",1,24.91,67,14.0,7,0.0,49.0
10545,LAZYK,8,"2014-05-22","2014-06-26",2,11.92,11,21.0,10,0.0,100.0
10546,VICTE,1,"2014-05-23","2014-05-27",3,194.72,7,30.0,10,0.0,100.0
10546,VICTE,1,"2014-05-23","2014-05-27",3,194.72,35,18.0,30,0.0,900.0
10546,VICTE,1,"2014-05-23","2014-05-27",3,194.72,62,49.3,40,0.0,1600.0
10547,SEVES,3,"2014-05-23","2014-06-02",2,178.43,32,32.0,24,0.15,490.0
10547,SEVES,3,"2014-05-23","2014-06-02",2,178.43,36,19.0,60,0.0,3600.0
10548,TOMSP,3,"2014-05-26","2014-06-02",2,1.43,34,14.0,10,0.25,75.0
10548,TOMSP,3,"2014-05-26","2014-06-02",2,1.43,41,9.65,14,0.0,196.0
10549,QUICK,5,"2014-05-27","2014-05-30",1,171.24,31,12.5,55,0.15,2571.0
10549,QUICK,5,"2014-05-27","2014-05-30",1,171.24,45,9.5,100,0.15,8500.0
10549,QUICK,5,"2014-05-27","2014-05-30",1,171.24,51,53.0,48,0.15,1958.0
10550,GODOS,7,"2014-05-28","2014-06-06",3,4.32,17,39.0,8,0.1,58.0
10550,GODOS,7,"2014-05-28","2014-06-06",3,4.32,19,9.2,10,0.0,100.0
10550,GODOS,7,"2014-05-28","2014-06-06",3,4.32,21,10.0,6,0.1,32.0
10550,GODOS,7,"2014-05-28","2014-06-06",3,4.32,61,28.5,10,0.1,90.0
10551,FURIB,4,"2014-05-28","2014-06-06",3,72.95,16,17.45,40,0.15,1360.0
10551,FURIB,4,"2014-05-28","2014-06-06",3,72.95,35,18.0,20,0.15,340.0
10551,FURIB,4,"2014-05-28","2014-06-06",3,72.95,44,19.45,40,0.0,1600.0
10552,HILAA,2,"2014-05-29","2014-06-05",1,83.22,69,36.0,18,0.0,324.0
10552,HILAA,2,"2014-05-29","2014-06-05",1,83.22,75,7.75,30,0.0,900.0
10553,WARTH,2,"2014-05-30","2014-06-03",2,149.49,11,21.0,15,0.0,225.0
10553,WARTH,2,"2014-05-30","2014-06-03",2,149.49,16,17.45,14,0.0,196.0
10553,WARTH,2,"2014-05-30","2014-06-03",2,149.49,22,21.0,24,0.0,576.0
10553,WARTH,2,"2014-05-30","2014-06-03",2,149.49,31,12.5,30,0.0,900.0
10553,WARTH,2,"2014-05-30","2014-06-03",2,149.49,35,18.0,6,0.0,36.0
10554,OTTIK,4,"2014-05-30","2014-06-05",3,120.97,16,17.45,30,0.05,855.0
10554,OTTIK,4,"2014-05-30","2014-06-05",3,120.97,23,9.0,20,0.05,380.0
10554,OTTIK,4,"2014-05-30","2014-06-05",3,120.97,62,49.3,20,0.05,380.0
10554,OTTIK,4,"2014-05-30","2014-06-05",3,120.97,77,13.0,10,0.05,95.0
10555,SAVEA,6,"2014-06-02","2014-06-04",3,252.49,14,23.25,30,0.2,720.0
10555,SAVEA,6,"2014-06-02","2014-06-04",3,252.49,19,9.2,35,0.2,980.0
10555,SAVEA,6,"2014-06-02","2014-06-04",3,252.49,24,4.5,18,0.2,259.0
10555,SAVEA,6,"2014-06-02","2014-06-04",3,252.49,51,53.0,20,0.2,320.0
10555,SAVEA,6,"2014-06-02","2014-06-04",3,252.49,56,38.0,40,0.2,1280.0
10556,SIMOB,2,"2014-06-03","2014-06-13",1,9.8,72,34.8,24,0.0,576.0
10557,LEHMS,9,"2014-06-03","2014-06-06",2,96.72,64,33.25,30,0.0,900.0
10557,LEHMS,9,"2014-06-03","2014-06-06",2,96.72,75,7.75,20,0.0,400.0
10558,AROUT,1,"2014-06-04","2014-06-10",2,72.97,47,9.5,25,0.0,625.0
10558,AROUT,1,"2014-06-04","2014-06-10",2,72.97,51,53.0,20,0.0,400.0
10558,AROUT,1,"2014-06-04","2014-06-10",2,72.97,52,7.0,30,0.0,900.0
10558,AROUT,1,"2014-06-04","2014-06-10",2,72.97,53,32.8,18,0.0,324.0
10558,AROUT,1,"2014-06-04","2014-06-10",2,72.97,73,15.0,3,0.0,9.0
10559,BLONP,6,"2014-06-05","2014-06-13",1,8.05,41,9.65,12,0.05,137.0
10559,BLONP,6,"2014-06-05","2014-06-13",1,8.05,55,24.0,18,0.05,308.0
10560,FRANK,8,"2014-06-06","2014-06-09",1,36.65,30,25.89,20,0.0,400.0
10560,FRANK,8,"2014-06-06","2014-06-09",1,36.65,62,49.3,15,0.25,169.0
10561,FOLKO,2,"2014-06-06","2014-06-09",2,242.21,44,19.45,10,0.0,100.0
10561,FOLKO,2,"2014-06-06","2014-06-09",2,242.21,51,53.0,50,0.0,2500.0
10562,REGGC,1,"2014-06-09","2014-06-12",1,22.95,33,2.5,20,0.1,360.0
10562,REGGC,1,"2014-06-09","2014-06-12",1,22.95,62,49.3,10,0.1,90.0
10563,RICAR,2,"2014-06-10","2014-06-24",2,60.43,36,19.0,25,0.0,625.0
10563,RICAR,2,"2014-06-10","2014-06-24",2,60.43,52,7.0,70,0.0,4900.0
10564,RATTC,4,"2014-06-10","2014-06-16",3,13.75,17,39.0,16,0.05,243.0
10564,RATTC,4,"2014-06-10","2014-06-16",3,13.75,31,12.5,6,0.05,34.0
10564,RATTC,4,"2014-06-10","2014-06-16",3,13.75,55,24.0,25,0.05,594.0
10565,MEREP,8,"2014-06-11","2014-06-18",2,7.15,24,4.5,25,0.1,563.0
10565,MEREP,8,"2014-06-11","2014-06-18",2,7.15,64,33.25,18,0.1,292.0
10566,BLONP,9,"2014-06-12","2014-06-18",1,88.4,11,21.0,35,0.15,1041.0
10566,BLONP,9,"2014-06-12","2014-06-18",1,88.4,18,62.5,18,0.15,275.0
10566,BLONP,9,"2014-06-12","2014-06-18",1,88.4,76,18.0,10,0.0,100.0
10567,HUNGO,1,"2014-06-12","2014-06-17",1,33.97,31,12.5,60,0.2,2880.0
10567,HUNGO,1,"2014-06-12","2014-06-17",1,33.97,51,53.0,3,0.0,9.0
10567,HUNGO,1,"2014-06-12","2014-06-17",1,33.97,59,55.0,40,0.2,1280.0
10568,GALED,3,"2014-06-13","2014-07-09",3,6.54,10,31.0,5,0.0,25.0
10569,RATTC,5,"2014-06-16","2014-07-11",1,58.98,31,12.5,35,0.2,980.0
10569,RATTC,5,"2014-06-16","2014-07-11",1,58.98,76,18.0,30,0.0,900.0
10570,MEREP,3,"2014-06-17","2014-06-19",3,188.99,11,21.0,15,0.05,214.0
10570,MEREP,3,"2014-06-17","2014-06-19",3,188.99,56,38.0,60,0.05,3420.0
10571,ERNSH,8,"2014-06-17","2014-07-04",3,26.06,14,23.25,11,0.15,103.0
10571,ERNSH,8,"2014-06-17","2014-07-04",3,26.06,42,14.0,28,0.15,666.0
10572,BERGS,3,"2014-06-18","2014-06-25",2,116.43,16,17.45,12,0.1,130.0
10572,BERGS,3,"2014-06-18","2014-06-25",2,116.43,32,32.0,10,0.1,90.0
10572,BERGS,3,"2014-06-18","2014-06-25",2,116.43,40,18.4,50,0.0,2500.0
10572,BERGS,3,"2014-06-18","2014-06-25",2,116.43,75,7.75,15,0.1,203.0
10573,ANTON,7,"2014-06-19","2014-06-20",3,84.84,17,39.0,18,0.0,324.0
10573,ANTON,7,"2014-06-19","2014-06-20",3,84.84,34,14.0,40,0.0,1600.0
10573,ANTON,7,"2014-06-19","2014-06-20",3,84.84,53,32.8,25,0.0,625.0
10574,TRAIH,4,"2014-06-19","2014-06-30",2,37.6,33,2.5,14,0.0,196.0
10574,TRAIH,4,"2014-06-19","2014-06-30",2,37.6,40,18.4,2,0.0,4.0
10574,TRAIH,4,"2014-06-19","2014-06-30",2,37.6,62,49.3,10,0.0,100.0
10574,TRAIH,4,"2014-06-19","2014-06-30",2,37.6,64,33.25,6,0.0,36.0
10575,MORGK,5,"2014-06-20","2014-06-30",1,127.34,59,55.0,12,0.0,144.0
10575,MORGK,5,"2014-06-20","2014-06-30",1,127.34,63,43.9,6,0.0,36.0
10575,MORGK,5,"2014-06-20","2014-06-30",1,127.34,72,34.8,30,0.0,900.0
10575,MORGK,5,"2014-06-20","2014-06-30",1,127.34,76,18.0,10,0.0,100.0
10576,TORTU,3,"2014-06-23","2014-06-30",3,18.56,1,18.0,10,0.0,100.0
10576,TORTU,3,"2014-06-23","2014-06-30",3,18.56,31,12.5,20,0.0,400.0
10576,TORTU,3,"2014-06-23","2014-06-30",3,18.56,44,19.45,21,0.0,441.0
10577,TRAIH,9,"2014-06-23","2014-06-30",2,25.41,39,18.0,10,0.0,100.0
10577,TRAIH,9,"2014-06-23","2014-06-30",2,25.41,75,7.75,20,0.0,400.0
10577,TRAIH,9,"2014-06-23","2014-06-30",2,25.41,77,13.0,18,0.0,324.0
10578,BSBEV,4,"2014-06-24","2014-07-25",3,29.6,35,18.0,20,0.0,400.0
10578,BSBEV,4,"2014-06-24","2014-07-25",3,29.6,57,19.5,6,0.0,36.0
10579,LETSS,1,"2014-06-25","2014-07-04",2,13.73,15,15.5,10,0.0,100.0
10579,LETSS,1,"2014-06-25","2014-07-04",2,13.73,75,7.75,21,0.0,441.0
10580,OTTIK,4,"2014-06-26","2014-07-01",3,75.89,14,23.25,15,0.05,214.0
10580,OTTIK,4,"2014-06-26","2014-07-01",3,75.89,41,9.65,9,0.05,77.0
10580,OTTIK,4,"2014-06-26","2014-07-01",3,75.89,65,21.05,30,0.05,855.0
10581,FAMIA,3,"2014-06-26","2014-07-02",1,3.01,75,7.75,50,0.2,2000.0
10582,BLAUS,3,"2014-06-27","2014-07-14",2,27.71,57,19.5,4,0.0,16.0
10582,BLAUS,3,"2014-06-27","2014-07-14",2,27.71,76,18.0,14,0.0,196.0
10583,WARTH,2,"2014-06-30","2014-07-04",2,7.28,29,123.79,10,0.0,100.0
10583,WARTH,2,"2014-06-30","2014-07-04",2,7.28,60,34.0,24,0.15,490.0
10583,WARTH,2,"2014-06-30","2014-07-04",2,7.28,69,36.0,10,0.15,85.0
10584,BLONP,4,"2014-06-30","2014-07-04",1,59.14,31,12.5,50,0.05,2375.0
10585,WELLI,7,"2014-07-01","2014-07-10",1,13.41,47,9.5,15,0.0,225.0
10586,REGGC,9,"2014-07-02","2014-07-09",1,0.48,52,7.0,4,0.15,14.0
10587,QUEDE,1,"2014-07-02","2014-07-09",1,62.52,26,31.23,6,0.0,36.0
10587,QUEDE,1,"2014-07-02","2014-07-09",1,62.52,35,18.0,20,0.0,400.0
10587,QUEDE,1,"2014-07-02","2014-07-09",1,62.52,77,13.0,20,0.0,400.0
10588,QUICK,2,"2014-07-03","2014-07-10",3,194.67,18,62.5,40,0.2,1280.0
10588,QUICK,2,"2014-07-03","2014-07-10",3,194.67,42,14.0,100,0.2,8000.0
10589,GREAL,8,"2014-07-04","2014-07-14",2,4.42,35,18.0,4,0.0,16.0
10590,MEREP,4,"2014-07-07","2014-07-14",3,44.77,1,18.0,20,0.0,400.0
10590,MEREP,4,"2014-07-07","2014-07-14",3,44.77,77,13.0,60,0.05,3420.0
10591,VAFFE,1,"2014-07-07","2014-07-16",1,55.92,3,10.0,14,0.0,196.0
10591,VAFFE,1,"2014-07-07","2014-07-16",1,55.92,7,30.0,10,0.0,100.0
10591,VAFFE,1,"2014-07-07","2014-07-16",1,55.92,54,7.45,50,0.0,2500.0
10592,LEHMS,3,"2014-07-08","2014-07-16",1,32.1,15,15.5,25,0.05,594.0
10592,LEHMS,3,"2014-07-08","2014-07-16",1,32.1,26,31.23,5,0.05,24.0
10593,LEHMS,7,"2014-07-09","2014-08-13",2,174.2,20,81.0,21,0.2,353.0
10593,LEHMS,7,"2014-07-09","2014-08-13",2,174.2,69,36.0,20,0.2,320.0
10593,LEHMS,7,"2014-07-09","2014-08-13",2,174.2,76,18.0,4,0.2,13.0
10594,OLDWO,3,"2014-07-09","2014-07-16",2,5.24,52,7.0,24,0.0,576.0
10594,OLDWO,3,"2014-07-09","2014-07-16",2,5.24,58,13.25,30,0.0,900.0
10595,ERNSH,2,"2014-07-10","2014-07-14",1,96.78,35,18.0,30,0.25,675.0
10595,ERNSH,2,"2014-07-10","2014-07-14",1,96.78,61,28.5,120,0.25,10800.0
10595,ERNSH,2,"2014-07-10","2014-07-14",1,96.78,69,36.0,65,0.25,3169.0
10596,WHITC,8,"2014-07-11","2014-08-12",1,16.34,56,38.0,5,0.2,20.0
10596,WHITC,8,"2014-07-11","2014-08-12",1,16.34,63,43.9,24,0.2,461.0
10596,WHITC,8,"2014-07-11","2014-08-12",1,16.34,75,7.75,30,0.2,720.0
10597,PICCO,7,"2014-07-11","2014-07-18",3,35.12,24,4.5,35,0.2,980.0
10597,PICCO,7,"2014-07-11","2014-07-18",3,35.12,57,19.5,20,0.0,400.0
10597,PICCO,7,"2014-07-11","2014-07-18",3,35.12,65,21.05,12,0.2,115.0
10598,RATTC,1,"2014-07-14","2014-07-18",3,44.42,27,43.9,50,0.0,2500.0
10598,RATTC,1,"2014-07-14","2014-07-18",3,44.42,71,21.5,9,0.0,81.0
10599,BSBEV,6,"2014-07-15","2014-07-21",3,29.98,62,49.3,10,0.0,100.0
10600,HUNGC,4,"2014-07-16","2014-07-21",1,45.13,54,7.45,4,0.0,16.0
10600,HUNGC,4,"2014-07-16","2014-07-21",1,45.13,73,15.0,30,0.0,900.0
10601,HILAA,7,"2014-07-16","2014-07-22",1,58.3,13,6.0,60,0.0,3600.0
10601,HILAA,7,"2014-07-16","2014-07-22",1,58.3,59,55.0,35,0.0,1225.0
10602,VAFFE,8,"2014-07-17","2014-07-22",2,2.92,77,13.0,5,0.25,19.0
10603,SAVEA,8,"2014-07-18","2014-08-08",2,48.77,22,21.0,48,0.0,2304.0
10603,SAVEA,8,"2014-07-18","2014-08-08",2,48.77,49,20.0,25,0.05,594.0
10604,FURIB,1,"2014-07-18","2014-07-29",1,7.46,48,12.75,6,0.1,32.0
10604,FURIB,1,"2014-07-18","2014-07-29",1,7.46,76,18.0,10,0.1,90.0
10605,MEREP,1,"2014-07-21","2014-07-29",2,379.13,16,17.45,30,0.05,855.0
10605,MEREP,1,"2014-07-21","2014-07-29",2,379.13,59,55.0,20,0.05,380.0
10605,MEREP,1,"2014-07-21","2014-07-29",2,379.13,60,34.0,70,0.05,4655.0
10605,MEREP,1,"2014-07-21","2014-07-29",2,379.13,71,21.5,15,0.05,214.0
10606,TRADH,4,"2014-07-22","2014-07-31",3,79.4,4,22.0,20,0.2,320.0
10606,TRADH,4,"2014-07-22","2014-07-31",3,79.4,55,24.0,20,0.2,320.0
10606,TRADH,4,"2014-07-22","2014-07-31",3,79.4,62,49.3,10,0.2,80.0
10607,SAVEA,5,"2014-07-22","2014-07-25",1,200.24,7,30.0,45,0.0,2025.0
10607,SAVEA,5,"2014-07-22","2014-07-25",1,200.24,17,39.0,100,0.0,10000.0
10607,SAVEA,5,"2014-07-22","2014-07-25",1,200.24,33,2.5,14,0.0,196.0
10607,SAVEA,5,"2014-07-22","2014-07-25",1,200.24,40,18.4,42,0.0,1764.0
10607,SAVEA,5,"2014-07-22","2014-07-25",1,200.24,72,34.8,12,0.0,144.0
10608,TOMSP,4,"2014-07-23","2014-08-01",2,27.79,56,38.0,28,0.0,784.0
10609,DUMON,7,"2014-07-24","2014-07-30",2,1.85,1,18.0,3,0.0,9.0
10609,DUMON,7,"2014-07-24","2014-07-30",2,1.85,10,31.0,10,0.0,100.0
10609,DUMON,7,"2014-07-24","2014-07-30",2,1.85,21,10.0,6,0.0,36.0
10610,LAMAI,8,"2014-07-25","2014-08-06",1,26.78,36,19.0,21,0.25,331.0
10611,WOLZA,6,"2014-07-25","2014-08-01",2,80.65,1,18.0,6,0.0,36.0
10611,WOLZA,6,"2014-07-25","2014-08-01",2,80.65,2,19.0,10,0.0,100.0
10611,WOLZA,6,"2014-07-25","2014-08-01",2,80.65,60,34.0,15,0.0,225.0
10612,SAVEA,1,"2014-07-28","2014-08-01",2,544.08,10,31.0,70,0.0,4900.0
10612,SAVEA,1,"2014-07-28","2014-08-01",2,544.08,36,19.0,55,0.0,3025.0
10612,SAVEA,1,"2014-07-28","2014-08-01",2,544.08,49,20.0,18,0.0,324.0
10612,SAVEA,1,"2014-07-28","2014-08-01",2,544.08,60,34.0,40,0.0,1600.0
10612,SAVEA,1,"2014-07-28","2014-08-01",2,544.08,76,18.0,80,0.0,6400.0
10613,HILAA,4,"2014-07-29","2014-08-01",2,8.11,13,6.0,8,0.1,58.0
10613,HILAA,4,"2014-07-29","2014-08-01",2,8.11,75,7.75,40,0.0,1600.0
10614,BLAUS,8,"2014-07-29","2014-08-01",3,1.93,11,21.0,14,0.0,196.0
10614,BLAUS,8,"2014-07-29","2014-08-01",3,1.93,21,10.0,8,0.0,64.0
10614,BLAUS,8,"2014-07-29","2014-08-01",3,1.93,39,18.0,5,0.0,25.0
10615,WILMK,2,"2014-07-30","2014-08-06",3,0.75,55,24.0,5,0.0,25.0
10616,GREAL,1,"2014-07-31","2014-08-05",2,116.53,38,263.5,15,0.05,214.0
10616,GREAL,1,"2014-07-31","2014-08-05",2,116.53,56,38.0,14,0.0,196.0
10616,GREAL,1,"2014-07-31","2014-08-05",2,116.53,70,15.0,15,0.05,214.0
10616,GREAL,1,"2014-07-31","2014-08-05",2,116.53,71,21.5,15,0.05,214.0
10617,GREAL,4,"2014-07-31","2014-08-04",2,18.53,59,55.0,30,0.15,765.0
10618,MEREP,1,"2014-08-01","2014-08-08",1,154.68,6,25.0,70,0.0,4900.0
10618,MEREP,1,"2014-08-01","2014-08-08",1,154.68,56,38.0,20,0.0,400.0
10618,MEREP,1,"2014-08-01","2014-08-08",1,154.68,68,12.5,15,0.0,225.0
10619,MEREP,3,"2014-08-04","2014-08-07",3,91.05,21,10.0,42,0.0,1764.0
10619,MEREP,3,"2014-08-04","2014-08-07",3,91.05,22,21.0,40,0.0,1600.0
10620,LAUGB,2,"2014-08-05","2014-08-14",3,0.94,24,4.5,5,0.0,25.0
10620,LAUGB,2,"2014-08-05","2014-08-14",3,0.94,52,7.0,5,0.0,25.0
10621,ISLAT,4,"2014-08-05","2014-08-11",2,23.73,19,9.2,5,0.0,25.0
10621,ISLAT,4,"2014-08-05","2014-08-11",2,23.73,23,9.0,10,0.0,100.0
10621,ISLAT,4,"2014-08-05","2014-08-11",2,23.73,70,15.0,20,0.0,400.0
10621,ISLAT,4,"2014-08-05","2014-08-11",2,23.73,71,21.5,15,0.0,225.0
10622,RICAR,4,"2014-08-06","2014-08-11",3,50.97,2,19.0,20,0.0,400.0
10622,RICAR,4,"2014-08-06","2014-08-11",3,50.97,68,12.5,18,0.2,259.0
10623,FRANK,8,"2014-08-07","2014-08-12",2,97.18,14,23.25,21,0.0,441.0
10623,FRANK,8,"2014-08-07","2014-08-12",2,97.18,19,9.2,15,0.1,203.0
10623,FRANK,8,"2014-08-07","2014-08-12",2,97.18,21,10.0,25,0.1,563.0
10623,FRANK,8,"2014-08-07","2014-08-12",2,97.18,24,4.5,3,0.0,9.0
10623,FRANK,8,"2014-08-07","2014-08-12",2,97.18,35,18.0,30,0.1,810.0
10624,THECR,4,"2014-08-07","2014-08-19",2,94.8,28,45.6,10,0.0,100.0
10624,THECR,4,"2014-08-07","2014-08-19",2,94.8,29,123.79,6,0.0,36.0
10624,THECR,4,"2014-08-07","2014-08-19",2,94.8,44,19.45,10,0.0,100.0
10625,ANATR,3,"2014-08-08","2014-08-14",1,43.9,14,23.25,3,0.0,9.0
10625,ANATR,3,"2014-08-08","2014-08-14",1,43.9,42,14.0,5,0.0,25.0
10625,ANATR,3,"2014-08-08","2014-08-14",1,43.9,60,34.0,10,0.0,100.0
10626,BERGS,1,"2014-08-11","2014-08-20",2,138.69,53,32.8,12,0.0,144.0
10626,BERGS,1,"2014-08-11","2014-08-20",2,138.69,60,34.0,20,0.0,400.0
10626,BERGS,1,"2014-08-11","2014-08-20",2,138.69,71,21.5,20,0.0,400.0
10627,SAVEA,8,"2014-08-11","2014-08-21",3,107.46,62,49.3,15,0.0,225.0
10627,SAVEA,8,"2014-08-11","2014-08-21",3,107.46,73,15.0,35,0.15,1041.0
10628,BLONP,4,"2014-08-12","2014-08-20",3,30.36,1,18.0,25,0.0,625.0
10629,GODOS,4,"2014-08-12","2014-08-20",3,85.46,29,123.79,20,0.0,400.0
10629,GODOS,4,"2014-08-12","2014-08-20",3,85.46,64,33.25,9,0.0,81.0
10630,KOENE,1,"2014-08-13","2014-08-19",2,32.35,55,24.0,12,0.05,137.0
10630,KOENE,1,"2014-08-13","2014-08-19",2,32.35,76,18.0,35,0.0,1225.0
10631,LAMAI,8,"2014-08-14","2014-08-15",1,0.87,75,7.75,8,0.1,58.0
10632,WANDK,8,"2014-08-14","2014-08-19",1,41.38,2,19.0,30,0.05,855.0
10632,WANDK,8,"2014-08-14","2014-08-19",1,41.38,33,2.5,20,0.05,380.0
10633,ERNSH,7,"2014-08-15","2014-08-18",3,477.9,12,38.0,36,0.15,1102.0
10633,ERNSH,7,"2014-08-15","2014-08-18",3,477.9,13,6.0,13,0.15,144.0
10633,ERNSH,7,"2014-08-15","2014-08-18",3,477.9,26,31.23,35,0.15,1041.0
10633,ERNSH,7,"2014-08-15","2014-08-18",3,477.9,62,49.3,80,0.15,5440.0
10634,FOLIG,4,"2014-08-15","2014-08-21",3,487.38,7,30.0,35,0.0,1225.0
10634,FOLIG,4,"2014-08-15","2014-08-21",3,487.38,18,62.5,50,0.0,2500.0
10634,FOLIG,4,"2014-08-15","2014-08-21",3,487.38,51,53.0,15,0.0,225.0
10634,FOLIG,4,"2014-08-15","2014-08-21",3,487.38,75,7.75,2,0.0,4.0
10635,MAGAA,8,"2014-08-18","2014-08-21",3,47.46,4,22.0,10,0.1,90.0
10635,MAGAA,8,"2014-08-18","2014-08-21",3,47.46,5,21.35,15,0.1,203.0
10635,MAGAA,8,"2014-08-18","2014-08-21",3,47.46,22,21.0,40,0.0,1600.0
10636,WARTH,4,"2014-08-19","2014-08-26",1,1.15,4,22.0,25,0.0,625.0
10636,WARTH,4,"2014-08-19","2014-08-26",1,1.15,58,13.25,6,0.0,36.0
10637,QUEEN,6,"2014-08-19","2014-08-26",1,201.29,11,21.0,10,0.0,100.0
10637,QUEEN,6,"2014-08-19","2014-08-26",1,201.29,50,16.25,25,0.05,594.0
10637,QUEEN,6,"2014-08-19","2014-08-26",1,201.29,56,38.0,60,0.05,3420.0
10638,LINOD,3,"2014-08-20","2014-09-01",1,158.44,45,9.5,20,0.0,400.0
10638,LINOD,3,"2014-08-20","2014-09-01",1,158.44,65,21.05,21,0.0,441.0
10638,LINOD,3,"2014-08-20","2014-09-01",1,158.44,72,34.8,60,0.0,3600.0
10639,SANTG,7,"2014-08-20","2014-08-27",3,38.64,18,62.5,8,0.0,64.0
10640,WANDK,4,"2014-08-21","2014-08-28",1,23.55,69,36.0,20,0.25,300.0
10640,WANDK,4,"2014-08-21","2014-08-28",1,23.55,70,15.0,15,0.25,169.0
10641,HILAA,4,"2014-08-22","2014-08-26",2,179.61,2,19.0,50,0.0,2500.0
10641,HILAA,4,"2014-08-22","2014-08-26",2,179.61,40,18.4,60,0.0,3600.0
10642,SIMOB,7,"2014-08-22","2014-09-05",3,41.89,21,10.0,30,0.2,720.0
10642,SIMOB,7,"2014-08-22","2014-09-05",3,41.89,61,28.5,20,0.2,320.0
10643,ALFKI,6,"2014-08-25","2014-09-02",1,29.46,28,45.6,15,0.25,169.0
10643,ALFKI,6,"2014-08-25","2014-09-02",1,29.46,39,18.0,21,0.25,331.0
10643,ALFKI,6,"2014-08-25","2014-09-02",1,29.46,46,12.0,2,0.25,3.0
10644,WELLI,3,"2014-08-25","2014-09-01",2,0.14,18,62.5,4,0.1,14.0
10644,WELLI,3,"2014-08-25","2014-09-01",2,0.14,43,46.0,20,0.0,400.0
10644,WELLI,3,"2014-08-25","2014-09-01",2,0.14,46,12.0,21,0.1,397.0
10645,HANAR,4,"2014-08-26","2014-09-02",1,12.41,18,62.5,20,0.0,400.0
10645,HANAR,4,"2014-08-26","2014-09-02",1,12.41,36,19.0,15,0.0,225.0
10646,HUNGO,9,"2014-08-27","2014-09-03",3,142.33,1,18.0,15,0.25,169.0
10646,HUNGO,9,"2014-08-27","2014-09-03",3,142.33,10,31.0,18,0.25,243.0
10646,HUNGO,9,"2014-08-27","2014-09-03",3,142.33,71,21.5,30,0.25,675.0
10646,HUNGO,9,"2014-08-27","2014-09-03",3,142.33,77,13.0,35,0.25,919.0
10647,QUEDE,4,"2014-08-27","2014-09-03",2,45.54,19,9.2,30,0.0,900.0
10647,QUEDE,4,"2014-08-27","2014-09-03",2,45.54,39,18.0,20,0.0,400.0
10648,RICAR,5,"2014-08-28","2014-09-09",2,14.25,22,21.0,15,0.0,225.0
10648,RICAR,5,"2014-08-28","2014-09-09",2,14.25,24,4.5,15,0.15,191.0
10649,MAISD,5,"2014-08-28","2014-08-29",3,6.2,28,45.6,20,0.0,400.0
10649,MAISD,5,"2014-08-28","2014-08-29",3,6.2,72,34.8,15,0.0,225.0
10650,FAMIA,5,"2014-08-29","2014-09-03",3,176.81,30,25.89,30,0.0,900.0
10650,FAMIA,5,"2014-08-29","2014-09-03",3,176.81,53,32.8,25,0.05,594.0
10650,FAMIA,5,"2014-08-29","2014-09-03",3,176.81,54,7.45,30,0.0,900.0
10651,WANDK,8,"2014-09-01","2014-09-11",2,20.6,19,9.2,12,0.25,108.0
10651,WANDK,8,"2014-09-01","2014-09-11",2,20.6,22,21.0,20,0.25,300.0
10652,GOURL,4,"2014-09-01","2014-09-08",2,7.14,30,25.89,2,0.25,3.0
10652,GOURL,4,"2014-09-01","2014-09-08",2,7.14,42,14.0,20,0.0,400.0
10653,FRANK,1,"2014-09-02","2014-09-19",1,93.25,16,17.45,30,0.1,810.0
10653,FRANK,1,"2014-09-02","2014-09-19",1,93.25,60,34.0,20,0.1,360.0
10654,BERGS,5,"2014-09-02","2014-09-11",1,55.26,4,22.0,12,0.1,130.0
10654,BERGS,5,"2014-09-02","2014-09-11",1,55.26,39,18.0,20,0.1,360.0
10654,BERGS,5,"2014-09-02","2014-09-11",1,55.26,54,7.45,6,0.1,32.0
10655,REGGC,1,"2014-09-03","2014-09-11",2,4.41,41,9.65,20,0.2,320.0
10656,GREAL,6,"2014-09-04","2014-09-10",1,57.15,14,23.25,3,0.1,8.0
10656,GREAL,6,"2014-09-04","2014-09-10",1,57.15,44,19.45,28,0.1,706.0
10656,GREAL,6,"2014-09-04","2014-09-10",1,57.15,47,9.5,6,0.1,32.0
10657,SAVEA,2,"2014-09-04","2014-09-15",2,352.69,15,15.5,50,0.0,2500.0
10657,SAVEA,2,"2014-09-04","2014-09-15",2,352.69,41,9.65,24,0.0,576.0
10657,SAVEA,2,"2014-09-04","2014-09-15",2,352.69,46,12.0,45,0.0,2025.0
10657,SAVEA,2,"2014-09-04","2014-09-15",2,352.69,47,9.5,10,0.0,100.0
10657,SAVEA,2,"2014-09-04","2014-09-15",2,352.69,56,38.0,45,0.0,2025.0
10657,SAVEA,2,"2014-09-04","2014-09-15",2,352.69,60,34.0,30,0.0,900.0
10658,QUICK,4,"2014-09-05","2014-09-08",1,364.15,21,10.0,60,0.0,3600.0
10658,QUICK,4,"2014-09-05","2014-09-08",1,364.15,40,18.4,70,0.05,4655.0
10658,QUICK,4,"2014-09-05","2014-09-08",1,364.15,60,34.0,55,0.05,2874.0
10658,QUICK,4,"2014-09-05","2014-09-08",1,364.15,77,13.0,70,0.05,4655.0
10659,QUEEN,7,"2014-09-05","2014-09-10",2,105.81,31,12.5,20,0.05,380.0
10659,QUEEN,7,"2014-09-05","2014-09-10",2,105.81,40,18.4,24,0.05,547.0
10659,QUEEN,7,"2014-09-05","2014-09-10",2,105.81,70,15.0,40,0.05,1520.0
10660,HUNGC,8,"2014-09-08","2014-10-15",1,111.29,20,81.0,21,0.0,441.0
10661,HUNGO,7,"2014-09-09","2014-09-15",3,17.55,39,18.0,3,0.2,7.0
10661,HUNGO,7,"2014-09-09","2014-09-15",3,17.55,58,13.25,49,0.2,1921.0
10662,LONEP,3,"2014-09-09","2014-09-18",2,1.28,68,12.5,10,0.0,100.0
10663,BONAP,2,"2014-09-10","2014-10-03",2,113.15,40,18.4,30,0.05,855.0
10663,BONAP,2,"2014-09-10","2014-10-03",2,113.15,42,14.0,30,0.05,855.0
10663,BONAP,2,"2014-09-10","2014-10-03",2,113.15,51,53.0,20,0.05,380.0
10664,FURIB,1,"2014-09-10","2014-09-19",3,1.27,10,31.0,24,0.15,490.0
10664,FURIB,1,"2014-09-10","2014-09-19",3,1.27,56,38.0,12,0.15,122.0
10664,FURIB,1,"2014-09-10","2014-09-19",3,1.27,65,21.05,15,0.15,191.0
10665,LONEP,1,"2014-09-11","2014-09-17",2,26.31,51,53.0,20,0.0,400.0
10665,LONEP,1,"2014-09-11","2014-09-17",2,26.31,59,55.0,1,0.0,1.0
10665,LONEP,1,"2014-09-11","2014-09-17",2,26.31,76,18.0,10,0.0,100.0
10666,RICSU,7,"2014-09-12","2014-09-22",2,232.42,29,123.79,36,0.0,1296.0
10666,RICSU,7,"2014-09-12","2014-09-22",2,232.42,65,21.05,10,0.0,100.0
10667,ERNSH,7,"2014-09-12","2014-09-19",1,78.09,69,36.0,45,0.2,1620.0
10667,ERNSH,7,"2014-09-12","2014-09-19",1,78.09,71,21.5,14,0.2,157.0
10668,WANDK,1,"2014-09-15","2014-09-23",2,47.22,31,12.5,8,0.1,58.0
10668,WANDK,1,"2014-09-15","2014-09-23",2,47.22,55,24.0,4,0.1,14.0
10668,WANDK,1,"2014-09-15","2014-09-23",2,47.22,64,33.25,15,0.1,203.0
10669,SIMOB,2,"2014-09-15","2014-09-22",1,24.39,36,19.0,30,0.0,900.0
10670,FRANK,4,"2014-09-16","2014-09-18",1,203.48,23,9.0,32,0.0,1024.0
10670,FRANK,4,"2014-09-16","2014-09-18",1,203.48,46,12.0,60,0.0,3600.0
10670,FRANK,4,"2014-09-16","2014-09-18",1,203.48,67,14.0,25,0.0,625.0
10670,FRANK,4,"2014-09-16","2014-09-18",1,203.48,73,15.0,50,0.0,2500.0
10670,FRANK,4,"2014-09-16","2014-09-18",1,203.48,75,7.75,25,0.0,625.0
10671,FRANR,1,"2014-09-17","2014-09-24",1,30.34,16,17.45,10,0.0,100.0
10671,FRANR,1,"2014-09-17","2014-09-24",1,30.34,62,49.3,10,0.0,100.0
10671,FRANR,1,"2014-09-17","2014-09-24",1,30.34,65,21.05,12,0.0,144.0
10672,BERGS,9,"2014-09-17","2014-09-26",2,95.75,38,263.5,15,0.1,203.0
10672,BERGS,9,"2014-09-17","2014-09-26",2,95.75,71,21.5,12,0.0,144.0
10673,WILMK,2,"2014-09-18","2014-09-19",1,22.76,16,17.45,3,0.0,9.0
10673,WILMK,2,"2014-09-18","2014-09-19",1,22.76,42,14.0,6,0.0,36.0
10673,WILMK,2,"2014-09-18","2014-09-19",1,22.76,43,46.0,6,0.0,36.0
10674,ISLAT,4,"2014-09-18","2014-09-30",2,0.9,23,9.0,5,0.0,25.0
10675,FRANK,5,"2014-09-19","2014-09-23",2,31.85,14,23.25,30,0.0,900.0
10675,FRANK,5,"2014-09-19","2014-09-23",2,31.85,53,32.8,10,0.0,100.0
10675,FRANK,5,"2014-09-19","2014-09-23",2,31.85,58,13.25,30,0.0,900.0
10676,TORTU,2,"2014-09-22","2014-09-29",2,2.01,10,31.0,2,0.0,4.0
10676,TORTU,2,"2014-09-22","2014-09-29",2,2.01,19,9.2,7,0.0,49.0
10676,TORTU,2,"2014-09-22","2014-09-29",2,2.01,44,19.45,21,0.0,441.0
10677,ANTON,1,"2014-09-22","2014-09-26",3,4.03,26,31.23,30,0.15,765.0
10677,ANTON,1,"2014-09-22","2014-09-26",3,4.03,33,2.5,8,0.15,54.0
10678,SAVEA,7,"2014-09-23","2014-10-16",3,388.98,12,38.0,100,0.0,10000.0
10678,SAVEA,7,"2014-09-23","2014-10-16",3,388.98,33,2.5,30,0.0,900.0
10678,SAVEA,7,"2014-09-23","2014-10-16",3,388.98,41,9.65,120,0.0,14400.0
10678,SAVEA,7,"2014-09-23","2014-10-16",3,388.98,54,7.45,30,0.0,900.0
10679,BLONP,8,"2014-09-23","2014-09-30",3,27.94,59,55.0,12,0.0,144.0
10680,OLDWO,1,"2014-09-24","2014-09-26",1,26.61,16,17.45,50,0.25,1875.0
10680,OLDWO,1,"2014-09-24","2014-09-26",1,26.61,31,12.5,20,0.25,300.0
10680,OLDWO,1,"2014-09-24","2014-09-26",1,26.61,42,14.0,40,0.25,1200.0
10681,GREAL,3,"2014-09-25","2014-09-30",3,76.13,19,9.2,30,0.1,810.0
10681,GREAL,3,"2014-09-25","2014-09-30",3,76.13,21,10.0,12,0.1,130.0
10681,GREAL,3,"2014-09-25","2014-09-30",3,76.13,64,33.25,28,0.0,784.0
10682,ANTON,3,"2014-09-25","2014-10-01",2,36.13,33,2.5,30,0.0,900.0
10682,ANTON,3,"2014-09-25","2014-10-01",2,36.13,66,17.0,4,0.0,16.0
10682,ANTON,3,"2014-09-25","2014-10-01",2,36.13,75,7.75,30,0.0,900.0
10683,DUMON,2,"2014-09-26","2014-10-01",1,4.4,52,7.0,9,0.0,81.0
10684,OTTIK,3,"2014-09-26","2014-09-30",1,145.63,40,18.4,20,0.0,400.0
10684,OTTIK,3,"2014-09-26","2014-09-30",1,145.63,47,9.5,40,0.0,1600.0
10684,OTTIK,3,"2014-09-26","2014-09-30",1,145.63,60,34.0,30,0.0,900.0
10685,GOURL,4,"2014-09-29","2014-10-03",2,33.75,10,31.0,20,0.0,400.0
10685,GOURL,4,"2014-09-29","2014-10-03",2,33.75,41,9.65,4,0.0,16.0
10685,GOURL,4,"2014-09-29","2014-10-03",2,33.75,47,9.5,15,0.0,225.0
10686,PICCO,2,"2014-09-30","2014-10-08",1,96.5,17,39.0,30,0.2,720.0
10686,PICCO,2,"2014-09-30","2014-10-08",1,96.5,26,31.23,15,0.0,225.0
10687,HUNGO,9,"2014-09-30","2014-10-30",2,296.43,9,97.0,50,0.25,1875.0
10687,HUNGO,9,"2014-09-30","2014-10-30",2,296.43,29,123.79,10,0.0,100.0
10687,HUNGO,9,"2014-09-30","2014-10-30",2,296.43,36,19.0,6,0.25,27.0
10688,VAFFE,4,"2014-10-01","2014-10-07",2,299.09,10,31.0,18,0.1,292.0
10688,VAFFE,4,"2014-10-01","2014-10-07",2,299.09,28,45.6,60,0.1,3240.0
10688,VAFFE,4,"2014-10-01","2014-10-07",2,299.09,34,14.0,14,0.0,196.0
10689,BERGS,1,"2014-10-01","2014-10-07",2,13.42,1,18.0,35,0.25,919.0
10690,HANAR,1,"2014-10-02","2014-10-03",1,15.8,56,38.0,20,0.25,300.0
10690,HANAR,1,"2014-10-02","2014-10-03",1,15.8,77,13.0,30,0.25,675.0
10691,QUICK,2,"2014-10-03","2014-10-22",2,810.05,1,18.0,30,0.0,900.0
10691,QUICK,2,"2014-10-03","2014-10-22",2,810.05,29,123.79,40,0.0,1600.0
10691,QUICK,2,"2014-10-03","2014-10-22",2,810.05,43,46.0,40,0.0,1600.0
10691,QUICK,2,"2014-10-03","2014-10-22",2,810.05,44,19.45,24,0.0,576.0
10691,QUICK,2,"2014-10-03","2014-10-22",2,810.05,62,49.3,48,0.0,2304.0
10692,ALFKI,4,"2014-10-03","2014-10-13",2,61.02,63,43.9,20,0.0,400.0
10693,WHITC,3,"2014-10-06","2014-10-10",3,139.34,9,97.0,6,0.0,36.0
10693,WHITC,3,"2014-10-06","2014-10-10",3,139.34,54,7.45,60,0.15,3060.0
10693,WHITC,3,"2014-10-06","2014-10-10",3,139.34,69,36.0,30,0.15,765.0
10693,WHITC,3,"2014-10-06","2014-10-10",3,139.34,73,15.0,15,0.15,191.0
10694,QUICK,8,"2014-10-06","2014-10-09",3,398.36,7,30.0,90,0.0,8100.0
10694,QUICK,8,"2014-10-06","2014-10-09",3,398.36,59,55.0,25,0.0,625.0
10694,QUICK,8,"2014-10-06","2014-10-09",3,398.36,70,15.0,50,0.0,2500.0
10695,WILMK,7,"2014-10-07","2014-10-14",1,16.72,8,40.0,10,0.0,100.0
10695,WILMK,7,"2014-10-07","2014-10-14",1,16.72,12,38.0,4,0.0,16.0
10695,WILMK,7,"2014-10-07","2014-10-14",1,16.72,24,4.5,20,0.0,400.0
10696,WHITC,8,"2014-10-08","2014-10-14",3,102.55,17,39.0,20,0.0,400.0
10696,WHITC,8,"2014-10-08","2014-10-14",3,102.55,46,12.0,18,0.0,324.0
10697,LINOD,3,"2014-10-08","2014-10-14",1,45.52,19,9.2,7,0.25,37.0
10697,LINOD,3,"2014-10-08","2014-10-14",1,45.52,35,18.0,9,0.25,61.0
10697,LINOD,3,"2014-10-08","2014-10-14",1,45.52,58,13.25,30,0.25,675.0
10697,LINOD,3,"2014-10-08","2014-10-14",1,45.52,70,15.0,30,0.25,675.0
10698,ERNSH,4,"2014-10-09","2014-10-17",1,272.47,11,21.0,15,0.0,225.0
10698,ERNSH,4,"2014-10-09","2014-10-17",1,272.47,17,39.0,8,0.05,61.0
10698,ERNSH,4,"2014-10-09","2014-10-17",1,272.47,29,123.79,12,0.05,137.0
10698,ERNSH,4,"2014-10-09","2014-10-17",1,272.47,65,21.05,65,0.05,4014.0
10698,ERNSH,4,"2014-10-09","2014-10-17",1,272.47,70,15.0,8,0.05,61.0
10699,MORGK,3,"2014-10-09","2014-10-13",3,0.58,47,9.5,12,0.0,144.0
10700,SAVEA,3,"2014-10-10","2014-10-16",1,65.1,1,18.0,5,0.2,20.0
10700,SAVEA,3,"2014-10-10","2014-10-16",1,65.1,34,14.0,12,0.2,115.0
10700,SAVEA,3,"2014-10-10","2014-10-16",1,65.1,68,12.5,40,0.2,1280.0
10700,SAVEA,3,"2014-10-10","2014-10-16",1,65.1,71,21.5,60,0.2,2880.0
10701,HUNGO,6,"2014-10-13","2014-10-15",3,220.31,59,55.0,42,0.15,1499.0
10701,HUNGO,6,"2014-10-13","2014-10-15",3,220.31,71,21.5,20,0.15,340.0
10701,HUNGO,6,"2014-10-13","2014-10-15",3,220.31,76,18.0,35,0.15,1041.0
10702,ALFKI,4,"2014-10-13","2014-10-21",1,23.94,3,10.0,6,0.0,36.0
10702,ALFKI,4,"2014-10-13","2014-10-21",1,23.94,76,18.0,15,0.0,225.0
10703,FOLKO,6,"2014-10-14","2014-10-20",2,152.3,2,19.0,5,0.0,25.0
10703,FOLKO,6,"2014-10-14","2014-10-20",2,152.3,59,55.0,35,0.0,1225.0
10703,FOLKO,6,"2014-10-14","2014-10-20",2,152.3,73,15.0,35,0.0,1225.0
10704,QUEEN,6,"2014-10-14","2014-11-07",1,4.78,4,22.0,6,0.0,36.0
10704,QUEEN,6,"2014-10-14","2014-11-07",1,4.78,24,4.5,35,0.0,1225.0
10704,QUEEN,6,"2014-10-14","2014-11-07",1,4.78,48,12.75,24,0.0,576.0
10705,HILAA,9,"2014-10-15","2014-11-18",2,3.52,31,12.5,20,0.0,400.0
10705,HILAA,9,"2014-10-15","2014-11-18",2,3.52,32,32.0,4,0.0,16.0
10706,OLDWO,8,"2014-10-16","2014-10-21",3,135.63,16,17.45,20,0.0,400.0
10706,OLDWO,8,"2014-10-16","2014-10-21",3,135.63,43,46.0,24,0.0,576.0
10706,OLDWO,8,"2014-10-16","2014-10-21",3,135.63,59,55.0,8,0.0,64.0
10707,AROUT,4,"2014-10-16","2014-10-23",3,21.74,55,24.0,21,0.0,441.0
10707,AROUT,4,"2014-10-16","2014-10-23",3,21.74,57,19.5,40,0.0,1600.0
10707,AROUT,4,"2014-10-16","2014-10-23",3,21.74,70,15.0,28,0.15,666.0
10708,THEBI,6,"2014-10-17","2014-11-05",2,2.96,5,21.35,4,0.0,16.0
10708,THEBI,6,"2014-10-17","2014-11-05",2,2.96,36,19.0,5,0.0,25.0
10709,GOURL,1,"2014-10-17","2014-11-20",3,210.8,8,40.0,40,0.0,1600.0
10709,GOURL,1,"2014-10-17","2014-11-20",3,210.8,51,53.0,28,0.0,784.0
10709,GOURL,1,"2014-10-17","2014-11-20",3,210.8,60,34.0,10,0.0,100.0
10710,FRANS,1,"2014-10-20","2014-10-23",1,4.98,19,9.2,5,0.0,25.0
10710,FRANS,1,"2014-10-20","2014-10-23",1,4.98,47,9.5,5,0.0,25.0
10711,SAVEA,5,"2014-10-21","2014-10-29",2,52.41,19,9.2,12,0.0,144.0
10711,SAVEA,5,"2014-10-21","2014-10-29",2,52.41,41,9.65,42,0.0,1764.0
10711,SAVEA,5,"2014-10-21","2014-10-29",2,52.41,53,32.8,120,0.0,14400.0
10712,HUNGO,3,"2014-10-21","2014-10-31",1,89.93,53,32.8,3,0.05,9.0
10712,HUNGO,3,"2014-10-21","2014-10-31",1,89.93,56,38.0,30,0.0,900.0
10713,SAVEA,1,"2014-10-22","2014-10-24",1,167.05,10,31.0,18,0.0,324.0
10713,SAVEA,1,"2014-10-22","2014-10-24",1,167.05,26,31.23,30,0.0,900.0
10713,SAVEA,1,"2014-10-22","2014-10-24",1,167.05,45,9.5,110,0.0,12100.0
10713,SAVEA,1,"2014-10-22","2014-10-24",1,167.05,46,12.0,24,0.0,576.0
10714,SAVEA,5,"2014-10-22","2014-10-27",3,24.49,2,19.0,30,0.25,675.0
10714,SAVEA,5,"2014-10-22","2014-10-27",3,24.49,17,39.0,27,0.25,547.0
10714,SAVEA,5,"2014-10-22","2014-10-27",3,24.49,47,9.5,50,0.25,1875.0
10714,SAVEA,5,"2014-10-22","2014-10-27",3,24.49,56,38.0,18,0.25,243.0
10714,SAVEA,5,"2014-10-22","2014-10-27",3,24.49,58,13.25,12,0.25,108.0
10715,BONAP,3,"2014-10-23","2014-10-29",1,63.2,10,31.0,21,0.0,441.0
10715,BONAP,3,"2014-10-23","2014-10-29",1,63.2,71,21.5,30,0.0,900.0
10716,RANCH,4,"2014-10-24","2014-10-27",2,22.57,21,10.0,5,0.0,25.0
10716,RANCH,4,"2014-10-24","2014-10-27",2,22.57,51,53.0,7,0.0,49.0
10716,RANCH,4,"2014-10-24","2014-10-27",2,22.57,61,28.5,10,0.0,100.0
10717,FRANK,1,"2014-10-24","2014-10-29",2,59.25,21,10.0,32,0.05,973.0
10717,FRANK,1,"2014-10-24","2014-10-29",2,59.25,54,7.45,15,0.0,225.0
10717,FRANK,1,"2014-10-24","2014-10-29",2,59.25,69,36.0,25,0.05,594.0
10718,KOENE,1,"2014-10-27","2014-10-29",3,170.88,12,38.0,36,0.0,1296.0
10718,KOENE,1,"2014-10-27","2014-10-29",3,170.88,16,17.45,20,0.0,400.0
10718,KOENE,1,"2014-10-27","2014-10-29",3,170.88,36,19.0,40,0.0,1600.0
10718,KOENE,1,"2014-10-27","2014-10-29",3,170.88,62,49.3,20,0.0,400.0
10719,LETSS,8,"2014-10-27","2014-11-05",2,51.44,18,62.5,12,0.25,108.0
10719,LETSS,8,"2014-10-27","2014-11-05",2,51.44,30,25.89,3,0.25,7.0
10719,LETSS,8,"2014-10-27","2014-11-05",2,51.44,54,7.45,40,0.25,1200.0
10720,QUEDE,8,"2014-10-28","2014-11-05",2,9.53,35,18.0,21,0.0,441.0
10720,QUEDE,8,"2014-10-28","2014-11-05",2,9.53,71,21.5,8,0.0,64.0
10721,QUICK,5,"2014-10-29","2014-10-31",3,48.92,44,19.45,50,0.05,2375.0
10722,SAVEA,8,"2014-10-29","2014-11-04",1,74.58,2,19.0,3,0.0,9.0
10722,SAVEA,8,"2014-10-29","2014-11-04",1,74.58,31,12.5,50,0.0,2500.0
10722,SAVEA,8,"2014-10-29","2014-11-04",1,74.58,68,12.5,45,0.0,2025.0
10722,SAVEA,8,"2014-10-29","2014-11-04",1,74.58,75,7.75,42,0.0,1764.0
10723,WHITC,3,"2014-10-30","2014-11-25",1,21.72,26,31.23,15,0.0,225.0
10724,MEREP,8,"2014-10-30","2014-11-05",2,57.75,10,31.0,16,0.0,256.0
10724,MEREP,8,"2014-10-30","2014-11-05",2,57.75,61,28.5,5,0.0,25.0
10725,FAMIA,4,"2014-10-31","2014-11-05",3,10.83,41,9.65,12,0.0,144.0
10725,FAMIA,4,"2014-10-31","2014-11-05",3,10.83,52,7.0,4,0.0,16.0
10725,FAMIA,4,"2014-10-31","2014-11-05",3,10.83,55,24.0,6,0.0,36.0
10726,EASTC,4,"2014-11-03","2014-12-05",1,16.56,4,22.0,25,0.0,625.0
10726,EASTC,4,"2014-11-03","2014-12-05",1,16.56,11,21.0,5,0.0,25.0
10727,REGGC,2,"2014-11-03","2014-12-05",1,89.9,17,39.0,20,0.05,380.0
10727,REGGC,2,"2014-11-03","2014-12-05",1,89.9,56,38.0,10,0.05,95.0
10727,REGGC,2,"2014-11-03","2014-12-05",1,89.9,59,55.0,10,0.05,95.0
10728,QUEEN,4,"2014-11-04","2014-11-11",2,58.33,30,25.89,15,0.0,225.0
10728,QUEEN,4,"2014-11-04","2014-11-11",2,58.33,40,18.4,6,0.0,36.0
10728,QUEEN,4,"2014-11-04","2014-11-11",2,58.33,55,24.0,12,0.0,144.0
10728,QUEEN,4,"2014-11-04","2014-11-11",2,58.33,60,34.0,15,0.0,225.0
10729,LINOD,8,"2014-11-04","2014-11-14",3,141.06,1,18.0,50,0.0,2500.0
10729,LINOD,8,"2014-11-04","2014-11-14",3,141.06,21,10.0,30,0.0,900.0
10729,LINOD,8,"2014-11-04","2014-11-14",3,141.06,50,16.25,40,0.0,1600.0
10730,BONAP,5,"2014-11-05","2014-11-14",1,20.12,16,17.45,15,0.05,214.0
10730,BONAP,5,"2014-11-05","2014-11-14",1,20.12,31,12.5,3,0.05,9.0
10730,BONAP,5,"2014-11-05","2014-11-14",1,20.12,65,21.05,10,0.05,95.0
10731,CHOPS,7,"2014-11-06","2014-11-14",1,96.65,21,10.0,40,0.05,1520.0
10731,CHOPS,7,"2014-11-06","2014-11-14",1,96.65,51,53.0,30,0.05,855.0
10732,BONAP,3,"2014-11-06","2014-11-07",1,16.97,76,18.0,20,0.0,400.0
10733,BERGS,1,"2014-11-07","2014-11-10",3,110.11,14,23.25,16,0.0,256.0
10733,BERGS,1,"2014-11-07","2014-11-10",3,110.11,28,45.6,20,0.0,400.0
10733,BERGS,1,"2014-11-07","2014-11-10",3,110.11,52,7.0,25,0.0,625.0
10734,GOURL,2,"2014-11-07","2014-11-12",3,1.63,6,25.0,30,0.0,900.0
10734,GOURL,2,"2014-11-07","2014-11-12",3,1.63,30,25.89,15,0.0,225.0
10734,GOURL,2,"2014-11-07","2014-11-12",3,1.63,76,18.0,20,0.0,400.0
10735,LETSS,6,"2014-11-10","2014-11-21",2,45.97,61,28.5,20,0.1,360.0
10735,LETSS,6,"2014-11-10","2014-11-21",2,45.97,77,13.0,2,0.1,4.0
10736,HUNGO,9,"2014-11-11","2014-11-21",2,44.1,65,21.05,40,0.0,1600.0
10736,HUNGO,9,"2014-11-11","2014-11-21",2,44.1,75,7.75,20,0.0,400.0
10737,VINET,2,"2014-11-11","2014-11-18",2,7.79,13,6.0,4,0.0,16.0
10737,VINET,2,"2014-11-11","2014-11-18",2,7.79,41,9.65,12,0.0,144.0
10738,SPECD,2,"2014-11-12","2014-11-18",1,2.91,16,17.45,3,0.0,9.0
10739,VINET,3,"2014-11-12","2014-11-17",3,11.08,36,19.0,6,0.0,36.0
10739,VINET,3,"2014-11-12","2014-11-17",3,11.08,52,7.0,18,0.0,324.0
10740,WHITC,4,"2014-11-13","2014-11-25",2,81.88,28,45.6,5,0.2,20.0
10740,WHITC,4,"2014-11-13","2014-11-25",2,81.88,35,18.0,35,0.2,980.0
10740,WHITC,4,"2014-11-13","2014-11-25",2,81.88,45,9.5,40,0.2,1280.0
10740,WHITC,4,"2014-11-13","2014-11-25",2,81.88,56,38.0,14,0.2,157.0
10741,AROUT,4,"2014-11-14","2014-11-18",3,10.96,2,19.0,15,0.2,180.0
10742,BOTTM,3,"2014-11-14","2014-11-18",3,243.73,3,10.0,20,0.0,400.0
10742,BOTTM,3,"2014-11-14","2014-11-18",3,243.73,60,34.0,50,0.0,2500.0
10742,BOTTM,3,"2014-11-14","2014-11-18",3,243.73,72,34.8,35,0.0,1225.0
10743,AROUT,1,"2014-11-17","2014-11-21",2,23.72,46,12.0,28,0.05,745.0
10744,VAFFE,6,"2014-11-17","2014-11-24",1,69.19,40,18.4,50,0.2,2000.0
10745,QUICK,9,"2014-11-18","2014-11-27",1,3.52,18,62.5,24,0.0,576.0
10745,QUICK,9,"2014-11-18","2014-11-27",1,3.52,44,19.45,16,0.0,256.0
10745,QUICK,9,"2014-11-18","2014-11-27",1,3.52,59,55.0,45,0.0,2025.0
10745,QUICK,9,"2014-11-18","2014-11-27",1,3.52,72,34.8,7,0.0,49.0
10746,CHOPS,1,"2014-11-19","2014-11-21",3,31.43,13,6.0,6,0.0,36.0
10746,CHOPS,1,"2014-11-19","2014-11-21",3,31.43,42,14.0,28,0.0,784.0
10746,CHOPS,1,"2014-11-19","2014-11-21",3,31.43,62,49.3,9,0.0,81.0
10746,CHOPS,1,"2014-11-19","2014-11-21",3,31.43,69,36.0,40,0.0,1600.0
10747,PICCO,6,"2014-11-19","2014-11-26",1,117.33,31,12.5,8,0.0,64.0
10747,PICCO,6,"2014-11-19","2014-11-26",1,117.33,41,9.65,35,0.0,1225.0
10747,PICCO,6,"2014-11-19","2014-11-26",1,117.33,63,43.9,9,0.0,81.0
10747,PICCO,6,"2014-11-19","2014-11-26",1,117.33,69,36.0,30,0.0,900.0
10748,SAVEA,3,"2014-11-20","2014-11-28",1,232.55,23,9.0,44,0.0,1936.0
10748,SAVEA,3,"2014-11-20","2014-11-28",1,232.55,40,18.4,40,0.0,1600.0
10748,SAVEA,3,"2014-11-20","2014-11-28",1,232.55,56,38.0,28,0.0,784.0
10749,ISLAT,4,"2014-11-20","2014-12-19",2,61.53,56,38.0,15,0.0,225.0
10749,ISLAT,4,"2014-11-20","2014-12-19",2,61.53,59,55.0,6,0.0,36.0
10749,ISLAT,4,"2014-11-20","2014-12-19",2,61.53,76,18.0,10,0.0,100.0
10750,WARTH,9,"2014-11-21","2014-11-24",1,79.3,14,23.25,5,0.15,21.0
10750,WARTH,9,"2014-11-21","2014-11-24",1,79.3,45,9.5,40,0.15,1360.0
10750,WARTH,9,"2014-11-21","2014-11-24",1,79.3,59,55.0,25,0.15,531.0
10751,RICSU,3,"2014-11-24","2014-12-03",3,130.79,26,31.23,12,0.1,130.0
10751,RICSU,3,"2014-11-24","2014-12-03",3,130.79,30,25.89,30,0.0,900.0
10751,RICSU,3,"2014-11-24","2014-12-03",3,130.79,50,16.25,20,0.1,360.0
10751,RICSU,3,"2014-11-24","2014-12-03",3,130.79,73,15.0,15,0.0,225.0
10752,NORTS,2,"2014-11-24","2014-11-28",3,1.39,1,18.0,8,0.0,64.0
10752,NORTS,2,"2014-11-24","2014-11-28",3,1.39,69,36.0,3,0.0,9.0
10753,FRANS,3,"2014-11-25","2014-11-27",1,7.7,45,9.5,4,0.0,16.0
10753,FRANS,3,"2014-11-25","2014-11-27",1,7.7,74,10.0,5,0.0,25.0
10754,MAGAA,6,"2014-11-25","2014-11-27",3,2.38,40,18.4,3,0.0,9.0
10755,BONAP,4,"2014-11-26","2014-11-28",2,16.71,47,9.5,30,0.25,675.0
10755,BONAP,4,"2014-11-26","2014-11-28",2,16.71,56,38.0,30,0.25,675.0
10755,BONAP,4,"2014-11-26","2014-11-28",2,16.71,57,19.5,14,0.25,147.0
10755,BONAP,4,"2014-11-26","2014-11-28",2,16.71,69,36.0,25,0.25,469.0
10756,SPLIR,8,"2014-11-27","2014-12-02",2,73.21,18,62.5,21,0.2,353.0
10756,SPLIR,8,"2014-11-27","2014-12-02",2,73.21,36,19.0,20,0.2,320.0
10756,SPLIR,8,"2014-11-27","2014-12-02",2,73.21,68,12.5,6,0.2,29.0
10756,SPLIR,8,"2014-11-27","2014-12-02",2,73.21,69,36.0,20,0.2,320.0
10757,SAVEA,6,"2014-11-27","2014-12-15",1,8.19,34,14.0,30,0.0,900.0
10757,SAVEA,6,"2014-11-27","2014-12-15",1,8.19,59,55.0,7,0.0,49.0
10757,SAVEA,6,"2014-11-27","2014-12-15",1,8.19,62,49.3,30,0.0,900.0
10757,SAVEA,6,"2014-11-27","2014-12-15",1,8.19,64,33.25,24,0.0,576.0
10758,RICSU,3,"2014-11-28","2014-12-04",3,138.17,26,31.23,20,0.0,400.0
10758,RICSU,3,"2014-11-28","2014-12-04",3,138.17,52,7.0,60,0.0,3600.0
10758,RICSU,3,"2014-11-28","2014-12-04",3,138.17,70,15.0,40,0.0,1600.0
10759,ANATR,3,"2014-11-28","2014-12-12",3,11.99,32,32.0,10,0.0,100.0
10760,MAISD,4,"2014-12-01","2014-12-10",1,155.64,25,14.0,12,0.25,108.0
10760,MAISD,4,"2014-12-01","2014-12-10",1,155.64,27,43.9,40,0.0,1600.0
10760,MAISD,4,"2014-12-01","2014-12-10",1,155.64,43,46.0,30,0.25,675.0
10761,RATTC,5,"2014-12-02","2014-12-08",2,18.66,25,14.0,35,0.25,919.0
10761,RATTC,5,"2014-12-02","2014-12-08",2,18.66,75,7.75,18,0.0,324.0
10762,FOLKO,3,"2014-12-02","2014-12-09",1,328.74,39,18.0,16,0.0,256.0
10762,FOLKO,3,"2014-12-02","2014-12-09",1,328.74,47,9.5,30,0.0,900.0
10762,FOLKO,3,"2014-12-02","2014-12-09",1,328.74,51,53.0,28,0.0,784.0
10762,FOLKO,3,"2014-12-02","2014-12-09",1,328.74,56,38.0,60,0.0,3600.0
10763,FOLIG,3,"2014-12-03","2014-12-08",3,37.35,21,10.0,40,0.0,1600.0
10763,FOLIG,3,"2014-12-03","2014-12-08",3,37.35,22,21.0,6,0.0,36.0
10763,FOLIG,3,"2014-12-03","2014-12-08",3,37.35,24,4.5,20,0.0,400.0
10764,ERNSH,6,"2014-12-03","2014-12-08",3,145.45,3,10.0,20,0.1,360.0
10764,ERNSH,6,"2014-12-03","2014-12-08",3,145.45,39,18.0,130,0.1,15210.0
10765,QUICK,3,"2014-12-04","2014-12-09",3,42.74,65,21.05,80,0.1,5760.0
10766,OTTIK,4,"2014-12-05","2014-12-09",1,157.55,2,19.0,40,0.0,1600.0
10766,OTTIK,4,"2014-12-05","2014-12-09",1,157.55,7,30.0,35,0.0,1225.0
10766,OTTIK,4,"2014-12-05","2014-12-09",1,157.55,68,12.5,40,0.0,1600.0
10767,SUPRD,4,"2014-12-05","2014-12-15",3,1.59,42,14.0,2,0.0,4.0
10768,AROUT,3,"2014-12-08","2014-12-15",2,146.32,22,21.0,4,0.0,16.0
10768,AROUT,3,"2014-12-08","2014-12-15",2,146.32,31,12.5,50,0.0,2500.0
10768,AROUT,3,"2014-12-08","2014-12-15",2,146.32,60,34.0,15,0.0,225.0
10768,AROUT,3,"2014-12-08","2014-12-15",2,146.32,71,21.5,12,0.0,144.0
10769,VAFFE,3,"2014-12-08","2014-12-12",1,65.06,41,9.65,30,0.05,855.0
10769,VAFFE,3,"2014-12-08","2014-12-12",1,65.06,52,7.0,15,0.05,214.0
10769,VAFFE,3,"2014-12-08","2014-12-12",1,65.06,61,28.5,20,0.0,400.0
10769,VAFFE,3,"2014-12-08","2014-12-12",1,65.06,62,49.3,15,0.0,225.0
10770,HANAR,8,"2014-12-09","2014-12-17",3,5.32,11,21.0,15,0.25,169.0
10771,ERNSH,9,"2014-12-10","2015-01-02",2,11.19,71,21.5,16,0.0,256.0
10772,LEHMS,3,"2014-12-10","2014-12-19",2,91.28,29,123.79,18,0.0,324.0
10772,LEHMS,3,"2014-12-10","2014-12-19",2,91.28,59,55.0,25,0.0,625.0
10773,ERNSH,1,"2014-12-11","2014-12-16",3,96.43,17,39.0,33,0.0,1089.0
10773,ERNSH,1,"2014-12-11","2014-12-16",3,96.43,31,12.5,70,0.2,3920.0
10773,ERNSH,1,"2014-12-11","2014-12-16",3,96.43,75,7.75,7,0.2,39.0
10774,FOLKO,4,"2014-12-11","2014-12-12",1,48.2,31,12.5,2,0.25,3.0
10774,FOLKO,4,"2014-12-11","2014-12-12",1,48.2,66,17.0,50,0.0,2500.0
10775,THECR,7,"2014-12-12","2014-12-26",1,20.25,10,31.0,6,0.0,36.0
10775,THECR,7,"2014-12-12","2014-12-26",1,20.25,67,14.0,3,0.0,9.0
10776,ERNSH,1,"2014-12-15","2014-12-18",3,351.53,31,12.5,16,0.05,243.0
10776,ERNSH,1,"2014-12-15","2014-12-18",3,351.53,42,14.0,12,0.05,137.0
10776,ERNSH,1,"2014-12-15","2014-12-18",3,351.53,45,9.5,27,0.05,693.0
10776,ERNSH,1,"2014-12-15","2014-12-18",3,351.53,51,53.0,120,0.05,13680.0
10777,GOURL,7,"2014-12-15","2015-01-21",2,3.01,42,14.0,20,0.2,320.0
10778,BERGS,3,"2014-12-16","2014-12-24",1,6.79,41,9.65,10,0.0,100.0
10779,MORGK,3,"2014-12-16","2015-01-14",2,58.13,16,17.45,20,0.0,400.0
10779,MORGK,3,"2014-12-16","2015-01-14",2,58.13,62,49.3,20,0.0,400.0
10780,LILAS,2,"2014-12-16","2014-12-25",1,42.13,70,15.0,35,0.0,1225.0
10780,LILAS,2,"2014-12-16","2014-12-25",1,42.13,77,13.0,15,0.0,225.0
10781,WARTH,2,"2014-12-17","2014-12-19",3,73.16,54,7.45,3,0.2,7.0
10781,WARTH,2,"2014-12-17","2014-12-19",3,73.16,56,38.0,20,0.2,320.0
10781,WARTH,2,"2014-12-17","2014-12-19",3,73.16,74,10.0,35,0.0,1225.0
10782,CACTU,9,"2014-12-17","2014-12-22",3,1.1,31,12.5,1,0.0,1.0
10783,HANAR,4,"2014-12-18","2014-12-19",2,124.98,31,12.5,10,0.0,100.0
10783,HANAR,4,"2014-12-18","2014-12-19",2,124.98,38,263.5,5,0.0,25.0
10784,MAGAA,4,"2014-12-18","2014-12-22",3,70.09,36,19.0,30,0.0,900.0
10784,MAGAA,4,"2014-12-18","2014-12-22",3,70.09,39,18.0,2,0.15,3.0
10784,MAGAA,4,"2014-12-18","2014-12-22",3,70.09,72,34.8,30,0.15,765.0
10785,GROSR,1,"2014-12-18","2014-12-24",3,1.51,10,31.0,10,0.0,100.0
10785,GROSR,1,"2014-12-18","2014-12-24",3,1.51,75,7.75,10,0.0,100.0
10786,QUEEN,8,"2014-12-19","2014-12-23",1,110.87,8,40.0,30,0.2,720.0
10786,QUEEN,8,"2014-12-19","2014-12-23",1,110.87,30,25.89,15,0.2,180.0
10786,QUEEN,8,"2014-12-19","2014-12-23",1,110.87,75,7.75,42,0.2,1411.0
10787,LAMAI,2,"2014-12-19","2014-12-26",1,249.93,2,19.0,15,0.05,214.0
10787,LAMAI,2,"2014-12-19","2014-12-26",1,249.93,29,123.79,20,0.05,380.0
10788,QUICK,1,"2014-12-22","2015-01-19",2,42.7,19,9.2,50,0.05,2375.0
10788,QUICK,1,"2014-12-22","2015-01-19",2,42.7,75,7.75,40,0.05,1520.0
10789,FOLIG,1,"2014-12-22","2014-12-31",2,100.6,18,62.5,30,0.0,900.0
10789,FOLIG,1,"2014-12-22","2014-12-31",2,100.6,35,18.0,15,0.0,225.0
10789,FOLIG,1,"2014-12-22","2014-12-31",2,100.6,63,43.9,30,0.0,900.0
10789,FOLIG,1,"2014-12-22","2014-12-31",2,100.6,68,12.5,18,0.0,324.0
10790,GOURL,6,"2014-12-22","2014-12-26",1,28.23,7,30.0,3,0.15,8.0
10790,GOURL,6,"2014-12-22","2014-12-26",1,28.23,56,38.0,20,0.15,340.0
10791,FRANK,6,"2014-12-23","2015-01-01",2,16.85,29,123.79,14,0.05,186.0
10791,FRANK,6,"2014-12-23","2015-01-01",2,16.85,41,9.65,20,0.05,380.0
10792,WOLZA,1,"2014-12-23","2014-12-31",3,23.79,2,19.0,10,0.0,100.0
10792,WOLZA,1,"2014-12-23","2014-12-31",3,23.79,54,7.45,3,0.0,9.0
10792,WOLZA,1,"2014-12-23","2014-12-31",3,23.79,68,12.5,15,0.0,225.0
10793,AROUT,3,"2014-12-24","2015-01-08",3,4.52,41,9.65,14,0.0,196.0
10793,AROUT,3,"2014-12-24","2015-01-08",3,4.52,52,7.0,8,0.0,64.0
10794,QUEDE,6,"2014-12-24","2015-01-02",1,21.49,14,23.25,15,0.2,180.0
10794,QUEDE,6,"2014-12-24","2015-01-02",1,21.49,54,7.45,6,0.2,29.0
10795,ERNSH,8,"2014-12-24","2015-01-20",2,126.66,16,17.45,65,0.0,4225.0
10795,ERNSH,8,"2014-12-24","2015-01-20",2,126.66,17,39.0,35,0.25,919.0
10796,HILAA,3,"2014-12-25","2015-01-14",1,26.52,26,31.23,21,0.2,353.0
10796,HILAA,3,"2014-12-25","2015-01-14",1,26.52,44,19.45,10,0.0,100.0
10796,HILAA,3,"2014-12-25","2015-01-14",1,26.52,64,33.25,35,0.2,980.0
10796,HILAA,3,"2014-12-25","2015-01-14",1,26.52,69,36.0,24,0.2,461.0
10797,DRACD,7,"2014-12-25","2015-01-05",2,33.35,11,21.0,20,0.0,400.0
10798,ISLAT,2,"2014-12-26","2015-01-05",1,2.33,62,49.3,2,0.0,4.0
10798,ISLAT,2,"2014-12-26","2015-01-05",1,2.33,72,34.8,10,0.0,100.0
10799,KOENE,9,"2014-12-26","2015-01-05",3,30.76,13,6.0,20,0.15,340.0
10799,KOENE,9,"2014-12-26","2015-01-05",3,30.76,24,4.5,20,0.15,340.0
10799,KOENE,9,"2014-12-26","2015-01-05",3,30.76,59,55.0,25,0.0,625.0
10800,SEVES,1,"2014-12-26","2015-01-05",3,137.44,11,21.0,50,0.1,2250.0
10800,SEVES,1,"2014-12-26","2015-01-05",3,137.44,51,53.0,10,0.1,90.0
10800,SEVES,1,"2014-12-26","2015-01-05",3,137.44,54,7.45,7,0.1,44.0
10801,BOLID,4,"2014-12-29","2014-12-31",2,97.09,17,39.0,40,0.25,1200.0
10801,BOLID,4,"2014-12-29","2014-12-31",2,97.09,29,123.79,20,0.25,300.0
10802,SIMOB,4,"2014-12-29","2015-01-02",2,257.26,30,25.89,25,0.25,469.0
10802,SIMOB,4,"2014-12-29","2015-01-02",2,257.26,51,53.0,30,0.25,675.0
10802,SIMOB,4,"2014-12-29","2015-01-02",2,257.26,55,24.0,60,0.25,2700.0
10802,SIMOB,4,"2014-12-29","2015-01-02",2,257.26,62,49.3,5,0.25,19.0
10803,WELLI,4,"2014-12-30","2015-01-06",1,55.23,19,9.2,24,0.05,547.0
10803,WELLI,4,"2014-12-30","2015-01-06",1,55.23,25,14.0,15,0.05,214.0
10803,WELLI,4,"2014-12-30","2015-01-06",1,55.23,59,55.0,15,0.05,214.0
10804,SEVES,6,"2014-12-30","2015-01-07",2,27.33,10,31.0,36,0.0,1296.0
10804,SEVES,6,"2014-12-30","2015-01-07",2,27.33,28,45.6,24,0.0,576.0
10804,SEVES,6,"2014-12-30","2015-01-07",2,27.33,49,20.0,4,0.15,14.0
10805,THEBI,2,"2014-12-30","2015-01-09",3,237.34,34,14.0,10,0.0,100.0
10805,THEBI,2,"2014-12-30","2015-01-09",3,237.34,38,263.5,10,0.0,100.0
10806,VICTE,3,"2014-12-31","2015-01-05",2,22.11,2,19.0,20,0.25,300.0
10806,VICTE,3,"2014-12-31","2015-01-05",2,22.11,65,21.05,2,0.0,4.0
10806,VICTE,3,"2014-12-31","2015-01-05",2,22.11,74,10.0,15,0.25,169.0
10807,FRANS,4,"2014-12-31","2015-01-30",1,1.36,40,18.4,1,0.0,1.0
10808,OLDWO,2,"2015-01-01","2015-01-09",3,45.53,56,38.0,20,0.15,340.0
10808,OLDWO,2,"2015-01-01","2015-01-09",3,45.53,76,18.0,50,0.15,2125.0
10809,WELLI,7,"2015-01-01","2015-01-07",1,4.87,52,7.0,20,0.0,400.0
10810,LAUGB,2,"2015-01-01","2015-01-07",3,4.33,13,6.0,7,0.0,49.0
10810,LAUGB,2,"2015-01-01","2015-01-07",3,4.33,25,14.0,5,0.0,25.0
10810,LAUGB,2,"2015-01-01","2015-01-07",3,4.33,70,15.0,5,0.0,25.0
10811,LINOD,8,"2015-01-02","2015-01-08",1,31.22,19,9.2,15,0.0,225.0
10811,LINOD,8,"2015-01-02","2015-01-08",1,31.22,23,9.0,18,0.0,324.0
10811,LINOD,8,"2015-01-02","2015-01-08",1,31.22,40,18.4,30,0.0,900.0
10812,REGGC,5,"2015-01-02","2015-01-12",1,59.78,31,12.5,16,0.1,230.0
10812,REGGC,5,"2015-01-02","2015-01-12",1,59.78,72,34.8,40,0.1,1440.0
10812,REGGC,5,"2015-01-02","2015-01-12",1,59.78,77,13.0,20,0.0,400.0
10813,RICAR,1,"2015-01-05","2015-01-09",1,47.38,2,19.0,12,0.2,115.0
10813,RICAR,1,"2015-01-05","2015-01-09",1,47.38,46,12.0,35,0.0,1225.0
10814,VICTE,3,"2015-01-05","2015-01-14",3,130.94,41,9.65,20,0.0,400.0
10814,VICTE,3,"2015-01-05","2015-01-14",3,130.94,43,46.0,20,0.15,340.0
10814,VICTE,3,"2015-01-05","2015-01-14",3,130.94,48,12.75,8,0.15,54.0
10814,VICTE,3,"2015-01-05","2015-01-14",3,130.94,61,28.5,30,0.15,765.0
10815,SAVEA,2,"2015-01-05","2015-01-14",3,14.62,33,2.5,16,0.0,256.0
10816,GREAL,4,"2015-01-06","2015-02-04",2,719.78,38,263.5,30,0.05,855.0
10816,GREAL,4,"2015-01-06","2015-02-04",2,719.78,62,49.3,20,0.05,380.0
10817,KOENE,3,"2015-01-06","2015-01-13",2,306.07,26,31.23,40,0.15,1360.0
10817,KOENE,3,"2015-01-06","2015-01-13",2,306.07,38,263.5,30,0.0,900.0
10817,KOENE,3,"2015-01-06","2015-01-13",2,306.07,40,18.4,60,0.15,3060.0
10817,KOENE,3,"2015-01-06","2015-01-13",2,306.07,62,49.3,25,0.15,531.0
10818,MAGAA,7,"2015-01-07","2015-01-12",3,65.48,32,32.0,20,0.0,400.0
10818,MAGAA,7,"2015-01-07","2015-01-12",3,65.48,41,9.65,20,0.0,400.0
10819,CACTU,2,"2015-01-07","2015-01-16",3,19.76,43,46.0,7,0.0,49.0
10819,CACTU,2,"2015-01-07","2015-01-16",3,19.76,75,7.75,20,0.0,400.0
10820,RATTC,3,"2015-01-07","2015-01-13",2,37.52,56,38.0,30,0.0,900.0
10821,SPLIR,1,"2015-01-08","2015-01-15",1,36.68,35,18.0,20,0.0,400.0
10821,SPLIR,1,"2015-01-08","2015-01-15",1,36.68,51,53.0,6,0.0,36.0
10822,TRAIH,6,"2015-01-08","2015-01-16",3,7.0,62,49.3,3,0.0,9.0
10822,TRAIH,6,"2015-01-08","2015-01-16",3,7.0,70,15.0,6,0.0,36.0
10823,LILAS,5,"2015-01-09","2015-01-13",2,163.97,11,21.0,20,0.1,360.0
10823,LILAS,5,"2015-01-09","2015-01-13",2,163.97,57,19.5,15,0.0,225.0
10823,LILAS,5,"2015-01-09","2015-01-13",2,163.97,59,55.0,40,0.1,1440.0
10823,LILAS,5,"2015-01-09","2015-01-13",2,163.97,77,13.0,15,0.1,203.0
10824,FOLKO,8,"2015-01-09","2015-01-30",1,1.23,41,9.65,12,0.0,144.0
10824,FOLKO,8,"2015-01-09","2015-01-30",1,1.23,70,15.0,9,0.0,81.0
10825,DRACD,1,"2015-01-09","2015-01-14",1,79.25,26,31.23,12,0.0,144.0
10825,DRACD,1,"2015-01-09","2015-01-14",1,79.25,53,32.8,20,0.0,400.0
10826,BLONP,6,"2015-01-12","2015-02-06",1,7.09,31,12.5,35,0.0,1225.0
10826,BLONP,6,"2015-01-12","2015-02-06",1,7.09,57,19.5,15,0.0,225.0
10827,BONAP,1,"2015-01-12","2015-02-06",2,63.54,10,31.0,15,0.0,225.0
10827,BONAP,1,"2015-01-12","2015-02-06",2,63.54,39,18.0,21,0.0,441.0
10828,RANCH,9,"2015-01-13","2015-02-04",1,90.85,20,81.0,5,0.0,25.0
10828,RANCH,9,"2015-01-13","2015-02-04",1,90.85,38,263.5,2,0.0,4.0
10829,ISLAT,9,"2015-01-13","2015-01-23",1,154.72,2,19.0,10,0.0,100.0
10829,ISLAT,9,"2015-01-13","2015-01-23",1,154.72,8,40.0,20,0.0,400.0
10829,ISLAT,9,"2015-01-13","2015-01-23",1,154.72,13,6.0,10,0.0,100.0
10829,ISLAT,9,"2015-01-13","2015-01-23",1,154.72,60,34.0,21,0.0,441.0
10830,TRADH,4,"2015-01-13","2015-01-21",2,81.83,6,25.0,6,0.0,36.0
10830,TRADH,4,"2015-01-13","2015-01-21",2,81.83,39,18.0,28,0.0,784.0
10830,TRADH,4,"2015-01-13","2015-01-21",2,81.83,60,34.0,30,0.0,900.0
10830,TRADH,4,"2015-01-13","2015-01-21",2,81.83,68,12.5,24,0.0,576.0
10831,SANTG,3,"2015-01-14","2015-01-23",2,72.19,19,9.2,2,0.0,4.0
10831,SANTG,3,"2015-01-14","2015-01-23",2,72.19,35,18.0,8,0.0,64.0
10831,SANTG,3,"2015-01-14","2015-01-23",2,72.19,38,263.5,8,0.0,64.0
10831,SANTG,3,"2015-01-14","2015-01-23",2,72.19,43,46.0,9,0.0,81.0
10832,LAMAI,2,"2015-01-14","2015-01-19",2,43.26,13,6.0,3,0.2,7.0
10832,LAMAI,2,"2015-01-14","2015-01-19",2,43.26,25,14.0,10,0.2,80.0
10832,LAMAI,2,"2015-01-14","2015-01-19",2,43.26,44,19.45,16,0.2,205.0
10832,LAMAI,2,"2015-01-14","2015-01-19",2,43.26,64,33.25,3,0.0,9.0
10833,OTTIK,6,"2015-01-15","2015-01-23",2,71.49,7,30.0,20,0.1,360.0
10833,OTTIK,6,"2015-01-15","2015-01-23",2,71.49,31,12.5,9,0.1,73.0
10833,OTTIK,6,"2015-01-15","2015-01-23",2,71.49,53,32.8,9,0.1,73.0
10834,TRADH,1,"2015-01-15","2015-01-19",3,29.78,29,123.79,8,0.05,61.0
10834,TRADH,1,"2015-01-15","2015-01-19",3,29.78,30,25.89,20,0.05,380.0
10835,ALFKI,1,"2015-01-15","2015-01-21",3,69.53,59,55.0,15,0.0,225.0
10835,ALFKI,1,"2015-01-15","2015-01-21",3,69.53,77,13.0,2,0.2,3.0
10836,ERNSH,7,"2015-01-16","2015-01-21",1,411.88,22,21.0,52,0.0,2704.0
10836,ERNSH,7,"2015-01-16","2015-01-21",1,411.88,35,18.0,6,0.0,36.0
10836,ERNSH,7,"2015-01-16","2015-01-21",1,411.88,57,19.5,24,0.0,576.0
10836,ERNSH,7,"2015-01-16","2015-01-21",1,411.88,60,34.0,60,0.0,3600.0
10836,ERNSH,7,"2015-01-16","2015-01-21",1,411.88,64,33.25,30,0.0,900.0
10837,BERGS,9,"2015-01-16","2015-01-23",3,13.32,13,6.0,6,0.0,36.0
10837,BERGS,9,"2015-01-16","2015-01-23",3,13.32,40,18.4,25,0.0,625.0
10837,BERGS,9,"2015-01-16","2015-01-23",3,13.32,47,9.5,40,0.25,1200.0
10837,BERGS,9,"2015-01-16","2015-01-23",3,13.32,76,18.0,21,0.25,331.0
10838,LINOD,3,"2015-01-19","2015-01-23",3,59.28,1,18.0,4,0.25,12.0
10838,LINOD,3,"2015-01-19","2015-01-23",3,59.28,18,62.5,25,0.25,469.0
10838,LINOD,3,"2015-01-19","2015-01-23",3,59.28,36,19.0,50,0.25,1875.0
10839,TRADH,3,"2015-01-19","2015-01-22",3,35.43,58,13.25,30,0.1,810.0
10839,TRADH,3,"2015-01-19","2015-01-22",3,35.43,72,34.8,15,0.1,203.0
10840,LINOD,4,"2015-01-19","2015-02-16",2,2.71,25,14.0,6,0.2,29.0
10840,LINOD,4,"2015-01-19","2015-02-16",2,2.71,39,18.0,10,0.2,80.0
10841,SUPRD,5,"2015-01-20","2015-01-29",2,424.3,10,31.0,16,0.0,256.0
10841,SUPRD,5,"2015-01-20","2015-01-29",2,424.3,56,38.0,30,0.0,900.0
10841,SUPRD,5,"2015-01-20","2015-01-29",2,424.3,59,55.0,50,0.0,2500.0
10841,SUPRD,5,"2015-01-20","2015-01-29",2,424.3,77,13.0,15,0.0,225.0
10842,TORTU,1,"2015-01-20","2015-01-29",3,54.42,11,21.0,15,0.0,225.0
10842,TORTU,1,"2015-01-20","2015-01-29",3,54.42,43,46.0,5,0.0,25.0
10842,TORTU,1,"2015-01-20","2015-01-29",3,54.42,68,12.5,20,0.0,400.0
10842,TORTU,1,"2015-01-20","2015-01-29",3,54.42,70,15.0,12,0.0,144.0
10843,VICTE,4,"2015-01-21","2015-01-26",2,9.26,51,53.0,4,0.25,12.0
10844,PICCO,8,"2015-01-21","2015-01-26",2,25.22,22,21.0,35,0.0,1225.0
10845,QUICK,8,"2015-01-21","2015-01-30",1,212.98,23,9.0,70,0.1,4410.0
10845,QUICK,8,"2015-01-21","2015-01-30",1,212.98,35,18.0,25,0.1,563.0
10845,QUICK,8,"2015-01-21","2015-01-30",1,212.98,42,14.0,42,0.1,1588.0
10845,QUICK,8,"2015-01-21","2015-01-30",1,212.98,58,13.25,60,0.1,3240.0
10845,QUICK,8,"2015-01-21","2015-01-30",1,212.98,64,33.25,48,0.0,2304.0
10846,SUPRD,2,"2015-01-22","2015-01-23",3,56.46,4,22.0,21,0.0,441.0
10846,SUPRD,2,"2015-01-22","2015-01-23",3,56.46,70,15.0,30,0.0,900.0
10846,SUPRD,2,"2015-01-22","2015-01-23",3,56.46,74,10.0,20,0.0,400.0
10847,SAVEA,4,"2015-01-22","2015-02-10",3,487.57,1,18.0,80,0.2,5120.0
10847,SAVEA,4,"2015-01-22","2015-02-10",3,487.57,19,9.2,12,0.2,115.0
10847,SAVEA,4,"2015-01-22","2015-02-10",3,487.57,37,26.0,60,0.2,2880.0
10847,SAVEA,4,"2015-01-22","2015-02-10",3,487.57,45,9.5,36,0.2,1037.0
10847,SAVEA,4,"2015-01-22","2015-02-10",3,487.57,60,34.0,45,0.2,1620.0
10847,SAVEA,4,"2015-01-22","2015-02-10",3,487.57,71,21.5,55,0.2,2420.0
10848,CONSH,7,"2015-01-23","2015-01-29",2,38.24,5,21.35,30,0.0,900.0
10848,CONSH,7,"2015-01-23","2015-01-29",2,38.24,9,97.0,3,0.0,9.0
10849,KOENE,9,"2015-01-23","2015-01-30",2,0.56,3,10.0,49,0.0,2401.0
10849,KOENE,9,"2015-01-23","2015-01-30",2,0.56,26,31.23,18,0.15,275.0
10850,VICTE,1,"2015-01-23","2015-01-30",1,49.19,25,14.0,20,0.15,340.0
10850,VICTE,1,"2015-01-23","2015-01-30",1,49.19,33,2.5,4,0.15,14.0
10850,VICTE,1,"2015-01-23","2015-01-30",1,49.19,70,15.0,30,0.15,765.0
10851,RICAR,5,"2015-01-26","2015-02-02",1,160.55,2,19.0,5,0.05,24.0
10851,RICAR,5,"2015-01-26","2015-02-02",1,160.55,25,14.0,10,0.05,95.0
10851,RICAR,5,"2015-01-26","2015-02-02",1,160.55,57,19.5,10,0.05,95.0
10851,RICAR,5,"2015-01-26","2015-02-02",1,160.55,59,55.0,42,0.05,1676.0
10852,RATTC,8,"2015-01-26","2015-01-30",1,174.05,2,19.0,15,0.0,225.0
10852,RATTC,8,"2015-01-26","2015-01-30",1,174.05,17,39.0,6,0.0,36.0
10852,RATTC,8,"2015-01-26","2015-01-30",1,174.05,62,49.3,50,0.0,2500.0
10853,BLAUS,9,"2015-01-27","2015-02-03",2,53.83,18,62.5,10,0.0,100.0
10854,ERNSH,3,"2015-01-27","2015-02-05",2,100.22,10,31.0,100,0.15,8500.0
10854,ERNSH,3,"2015-01-27","2015-02-05",2,100.22,13,6.0,65,0.15,3591.0
10855,OLDWO,3,"2015-01-27","2015-02-04",1,170.97,16,17.45,50,0.0,2500.0
10855,OLDWO,3,"2015-01-27","2015-02-04",1,170.97,31,12.5,14,0.0,196.0
10855,OLDWO,3,"2015-01-27","2015-02-04",1,170.97,56,38.0,24,0.0,576.0
10855,OLDWO,3,"2015-01-27","2015-02-04",1,170.97,65,21.05,15,0.15,191.0
10856,ANTON,3,"2015-01-28","2015-02-10",2,58.43,2,19.0,20,0.0,400.0
10856,ANTON,3,"2015-01-28","2015-02-10",2,58.43,42,14.0,20,0.0,400.0
10857,BERGS,8,"2015-01-28","2015-02-06",2,188.85,3,10.0,30,0.0,900.0
10857,BERGS,8,"2015-01-28","2015-02-06",2,188.85,26,31.23,35,0.25,919.0
10857,BERGS,8,"2015-01-28","2015-02-06",2,188.85,29,123.79,10,0.25,75.0
10858,LACOR,2,"2015-01-29","2015-02-03",1,52.51,7,30.0,5,0.0,25.0
10858,LACOR,2,"2015-01-29","2015-02-03",1,52.51,27,43.9,10,0.0,100.0
10858,LACOR,2,"2015-01-29","2015-02-03",1,52.51,70,15.0,4,0.0,16.0
10859,FRANK,1,"2015-01-29","2015-02-02",2,76.1,24,4.5,40,0.25,1200.0
10859,FRANK,1,"2015-01-29","2015-02-02",2,76.1,54,7.45,35,0.25,919.0
10859,FRANK,1,"2015-01-29","2015-02-02",2,76.1,64,33.25,30,0.25,675.0
10860,FRANR,3,"2015-01-29","2015-02-04",3,19.26,51,53.0,3,0.0,9.0
10860,FRANR,3,"2015-01-29","2015-02-04",3,19.26,76,18.0,20,0.0,400.0
10861,WHITC,4,"2015-01-30","2015-02-17",2,14.93,17,39.0,42,0.0,1764.0
10861,WHITC,4,"2015-01-30","2015-02-17",2,14.93,18,62.5,20,0.0,400.0
10861,WHITC,4,"2015-01-30","2015-02-17",2,14.93,21,10.0,40,0.0,1600.0
10861,WHITC,4,"2015-01-30","2015-02-17",2,14.93,33,2.5,35,0.0,1225.0
10861,WHITC,4,"2015-01-30","2015-02-17",2,14.93,62,49.3,3,0.0,9.0
10862,LEHMS,8,"2015-01-30","2015-02-02",2,53.23,11,21.0,25,0.0,625.0
10862,LEHMS,8,"2015-01-30","2015-02-02",2,53.23,52,7.0,8,0.0,64.0
10863,HILAA,4,"2015-02-02","2015-02-17",2,30.26,1,18.0,20,0.15,340.0
10863,HILAA,4,"2015-02-02","2015-02-17",2,30.26,58,13.25,12,0.15,122.0
10864,AROUT,4,"2015-02-02","2015-02-09",2,3.04,35,18.0,4,0.0,16.0
10864,AROUT,4,"2015-02-02","2015-02-09",2,3.04,67,14.0,15,0.0,225.0
10865,QUICK,2,"2015-02-02","2015-02-12",1,348.14,38,263.5,60,0.05,3420.0
10865,QUICK,2,"2015-02-02","2015-02-12",1,348.14,39,18.0,80,0.05,6080.0
10866,BERGS,5,"2015-02-03","2015-02-12",1,109.11,2,19.0,21,0.25,331.0
10866,BERGS,5,"2015-02-03","2015-02-12",1,109.11,24,4.5,6,0.25,27.0
10866,BERGS,5,"2015-02-03","2015-02-12",1,109.11,30,25.89,40,0.25,1200.0
10867,LONEP,6,"2015-02-03","2015-02-11",1,1.93,53,32.8,3,0.0,9.0
10868,QUEEN,7,"2015-02-04","2015-02-23",2,191.27,26,31.23,20,0.0,400.0
10868,QUEEN,7,"2015-02-04","2015-02-23",2,191.27,35,18.0,30,0.0,900.0
10868,QUEEN,7,"2015-02-04","2015-02-23",2,191.27,49,20.0,42,0.1,1588.0
10869,SEVES,5,"2015-02-04","2015-02-09",1,143.28,1,18.0,40,0.0,1600.0
10869,SEVES,5,"2015-02-04","2015-02-09",1,143.28,11,21.0,10,0.0,100.0
10869,SEVES,5,"2015-02-04","2015-02-09",1,143.28,23,9.0,50,0.0,2500.0
10869,SEVES,5,"2015-02-04","2015-02-09",1,143.28,68,12.5,20,0.0,400.0
10870,WOLZA,5,"2015-02-04","2015-02-13",3,12.04,35,18.0,3,0.0,9.0
10870,WOLZA,5,"2015-02-04","2015-02-13",3,12.04,51,53.0,2,0.0,4.0
10871,BONAP,9,"2015-02-05","2015-02-10",2,112.27,6,25.0,50,0.05,2375.0
10871,BONAP,9,"2015-02-05","2015-02-10",2,112.27,16,17.45,12,0.05,137.0
10871,BONAP,9,"2015-02-05","2015-02-10",2,112.27,17,39.0,16,0.05,243.0
10872,GODOS,5,"2015-02-05","2015-02-09",2,175.32,55,24.0,10,0.05,95.0
10872,GODOS,5,"2015-02-05","2015-02-09",2,175.32,62,49.3,20,0.05,380.0
10872,GODOS,5,"2015-02-05","2015-02-09",2,175.32,64,33.25,15,0.05,214.0
10872,GODOS,5,"2015-02-05","2015-02-09",2,175.32,65,21.05,21,0.05,419.0
10873,WILMK,4,"2015-02-06","2015-02-09",1,0.82,21,10.0,20,0.0,400.0
10873,WILMK,4,"2015-02-06","2015-02-09",1,0.82,28,45.6,3,0.0,9.0
10874,GODOS,5,"2015-02-06","2015-02-11",2,19.58,10,31.0,10,0.0,100.0
10875,BERGS,4,"2015-02-06","2015-03-03",2,32.37,19,9.2,25,0.0,625.0
10875,BERGS,4,"2015-02-06","2015-03-03",2,32.37,47,9.5,21,0.1,397.0
10875,BERGS,4,"2015-02-06","2015-03-03",2,32.37,49,20.0,15,0.0,225.0
10876,BONAP,7,"2015-02-09","2015-02-12",3,60.42,46,12.0,21,0.0,441.0
10876,BONAP,7,"2015-02-09","2015-02-12",3,60.42,64,33.25,20,0.0,400.0
10877,RICAR,1,"2015-02-09","2015-02-19",1,38.06,16,17.45,30,0.25,675.0
10877,RICAR,1,"2015-02-09","2015-02-19",1,38.06,18,62.5,25,0.0,625.0
10878,QUICK,4,"2015-02-10","2015-02-12",1,46.69,20,81.0,20,0.05,380.0
10879,WILMK,3,"2015-02-10","2015-02-12",3,8.5,40,18.4,12,0.0,144.0
10879,WILMK,3,"2015-02-10","2015-02-12",3,8.5,65,21.05,10,0.0,100.0
10879,WILMK,3,"2015-02-10","2015-02-12",3,8.5,76,18.0,10,0.0,100.0
10880,FOLKO,7,"2015-02-10","2015-02-18",1,88.01,23,9.0,30,0.2,720.0
10880,FOLKO,7,"2015-02-10","2015-02-18",1,88.01,61,28.5,30,0.2,720.0
10880,FOLKO,7,"2015-02-10","2015-02-18",1,88.01,70,15.0,50,0.2,2000.0
10881,CACTU,4,"2015-02-11","2015-02-18",1,2.84,73,15.0,10,0.0,100.0
10882,SAVEA,4,"2015-02-11","2015-02-20",3,23.1,42,14.0,25,0.0,625.0
10882,SAVEA,4,"2015-02-11","2015-02-20",3,23.1,49,20.0,20,0.15,340.0
10882,SAVEA,4,"2015-02-11","2015-02-20",3,23.1,54,7.45,32,0.15,870.0
10883,LONEP,8,"2015-02-12","2015-02-20",3,0.53,24,4.5,8,0.0,64.0
10884,LETSS,4,"2015-02-12","2015-02-13",2,90.97,21,10.0,40,0.05,1520.0
10884,LETSS,4,"2015-02-12","2015-02-13",2,90.97,56,38.0,21,0.05,419.0
10884,LETSS,4,"2015-02-12","2015-02-13",2,90.97,65,21.05,12,0.05,137.0
10885,SUPRD,6,"2015-02-12","2015-02-18",3,5.64,2,19.0,20,0.0,400.0
10885,SUPRD,6,"2015-02-12","2015-02-18",3,5.64,24,4.5,12,0.0,144.0
10885,SUPRD,6,"2015-02-12","2015-02-18",3,5.64,70,15.0,30,0.0,900.0
10885,SUPRD,6,"2015-02-12","2015-02-18",3,5.64,77,13.0,25,0.0,625.0
10886,HANAR,1,"2015-02-13","2015-03-02",1,4.99,10,31.0,70,0.0,4900.0
10886,HANAR,1,"2015-02-13","2015-03-02",1,4.99,31,12.5,35,0.0,1225.0
10886,HANAR,1,"2015-02-13","2015-03-02",1,4.99,77,13.0,40,0.0,1600.0
10887,GALED,8,"2015-02-13","2015-02-16",3,1.25,25,14.0,5,0.0,25.0
10888,GODOS,1,"2015-02-16","2015-02-23",2,51.87,2,19.0,20,0.0,400.0
10888,GODOS,1,"2015-02-16","2015-02-23",2,51.87,68,12.5,18,0.0,324.0
10889,RATTC,9,"2015-02-16","2015-02-23",3,280.61,11,21.0,40,0.0,1600.0
10889,RATTC,9,"2015-02-16","2015-02-23",3,280.61,38,263.5,40,0.0,1600.0
10890,DUMON,7,"2015-02-16","2015-02-18",1,32.76,17,39.0,15,0.0,225.0
10890,DUMON,7,"2015-02-16","2015-02-18",1,32.76,34,14.0,10,0.0,100.0
10890,DUMON,7,"2015-02-16","2015-02-18",1,32.76,41,9.65,14,0.0,196.0
10891,LEHMS,7,"2015-02-17","2015-02-19",2,20.37,30,25.89,15,0.05,214.0
10892,MAISD,4,"2015-02-17","2015-02-19",2,120.27,59,55.0,40,0.05,1520.0
10893,KOENE,9,"2015-02-18","2015-02-20",2,77.78,8,40.0,30,0.0,900.0
10893,KOENE,9,"2015-02-18","2015-02-20",2,77.78,24,4.5,10,0.0,100.0
10893,KOENE,9,"2015-02-18","2015-02-20",2,77.78,29,123.79,24,0.0,576.0
10893,KOENE,9,"2015-02-18","2015-02-20",2,77.78,30,25.89,35,0.0,1225.0
10893,KOENE,9,"2015-02-18","2015-02-20",2,77.78,36,19.0,20,0.0,400.0
10894,SAVEA,1,"2015-02-18","2015-02-20",1,116.13,13,6.0,28,0.05,745.0
10894,SAVEA,1,"2015-02-18","2015-02-20",1,116.13,69,36.0,50,0.05,2375.0
10894,SAVEA,1,"2015-02-18","2015-02-20",1,116.13,75,7.75,120,0.05,13680.0
10895,ERNSH,3,"2015-02-18","2015-02-23",1,162.75,24,4.5,110,0.0,12100.0
10895,ERNSH,3,"2015-02-18","2015-02-23",1,162.75,39,18.0,45,0.0,2025.0
10895,ERNSH,3,"2015-02-18","2015-02-23",1,162.75,40,18.4,91,0.0,8281.0
10895,ERNSH,3,"2015-02-18","2015-02-23",1,162.75,60,34.0,100,0.0,10000.0
10896,MAISD,7,"2015-02-19","2015-02-27",3,32.45,45,9.5,15,0.0,225.0
10896,MAISD,7,"2015-02-19","2015-02-27",3,32.45,56,38.0,16,0.0,256.0
10897,HUNGO,3,"2015-02-19","2015-02-25",2,603.54,29,123.79,80,0.0,6400.0
10897,HUNGO,3,"2015-02-19","2015-02-25",2,603.54,30,25.89,36,0.0,1296.0
10898,OCEAN,4,"2015-02-20","2015-03-06",2,1.27,13,6.0,5,0.0,25.0
10899,LILAS,5,"2015-02-20","2015-02-26",3,1.21,39,18.0,8,0.15,54.0
10900,WELLI,1,"2015-02-20","2015-03-04",2,1.66,70,15.0,3,0.25,7.0
10901,HILAA,4,"2015-02-23","2015-02-26",1,62.09,41,9.65,30,0.0,900.0
10901,HILAA,4,"2015-02-23","2015-02-26",1,62.09,71,21.5,30,0.0,900.0
10902,FOLKO,1,"2015-02-23","2015-03-03",1,44.15,55,24.0,30,0.15,765.0
10902,FOLKO,1,"2015-02-23","2015-03-03",1,44.15,62,49.3,6,0.15,31.0
10903,HANAR,3,"2015-02-24","2015-03-04",3,36.71,13,6.0,40,0.0,1600.0
10903,HANAR,3,"2015-02-24","2015-03-04",3,36.71,65,21.05,21,0.0,441.0
10903,HANAR,3,"2015-02-24","2015-03-04",3,36.71,68,12.5,20,0.0,400.0
10904,WHITC,3,"2015-02-24","2015-02-27",3,162.95,58,13.25,15,0.0,225.0
10904,WHITC,3,"2015-02-24","2015-02-27",3,162.95,62,49.3,35,0.0,1225.0
10905,WELLI,9,"2015-02-24","2015-03-06",2,13.72,1,18.0,20,0.05,380.0
10906,WOLZA,4,"2015-02-25","2015-03-03",3,26.29,61,28.5,15,0.0,225.0
10907,SPECD,6,"2015-02-25","2015-02-27",3,9.19,75,7.75,14,0.0,196.0
10908,REGGC,4,"2015-02-26","2015-03-06",2,32.96,7,30.0,20,0.05,380.0
10908,REGGC,4,"2015-02-26","2015-03-06",2,32.96,52,7.0,14,0.05,186.0
10909,SANTG,1,"2015-02-26","2015-03-10",2,53.05,7,30.0,12,0.0,144.0
10909,SANTG,1,"2015-02-26","2015-03-10",2,53.05,16,17.45,15,0.0,225.0
10909,SANTG,1,"2015-02-26","2015-03-10",2,53.05,41,9.65,5,0.0,25.0
10910,WILMK,1,"2015-02-26","2015-03-04",3,38.11,19,9.2,12,0.0,144.0
10910,WILMK,1,"2015-02-26","2015-03-04",3,38.11,49,20.0,10,0.0,100.0
10910,WILMK,1,"2015-02-26","2015-03-04",3,38.11,61,28.5,5,0.0,25.0
10911,GODOS,3,"2015-02-26","2015-03-05",1,38.19,1,18.0,10,0.0,100.0
10911,GODOS,3,"2015-02-26","2015-03-05",1,38.19,17,39.0,12,0.0,144.0
10911,GODOS,3,"2015-02-26","2015-03-05",1,38.19,67,14.0,15,0.0,225.0
10912,HUNGO,2,"2015-02-26","2015-03-18",2,580.91,11,21.0,40,0.25,1200.0
10912,HUNGO,2,"2015-02-26","2015-03-18",2,580.91,29,123.79,60,0.25,2700.0
10913,QUEEN,4,"2015-02-26","2015-03-04",1,33.05,4,22.0,30,0.25,675.0
10913,QUEEN,4,"2015-02-26","2015-03-04",1,33.05,33,2.5,40,0.25,1200.0
10913,QUEEN,4,"2015-02-26","2015-03-04",1,33.05,58,13.25,15,0.0,225.0
10914,QUEEN,6,"2015-02-27","2015-03-02",1,21.19,71,21.5,25,0.0,625.0
10915,TORTU,2,"2015-02-27","2015-03-02",2,3.51,17,39.0,10,0.0,100.0
10915,TORTU,2,"2015-02-27","2015-03-02",2,3.51,33,2.5,30,0.0,900.0
10915,TORTU,2,"2015-02-27","2015-03-02",2,3.51,54,7.45,10,0.0,100.0
10916,RANCH,1,"2015-02-27","2015-03-09",2,63.77,16,17.45,6,0.0,36.0
10916,RANCH,1,"2015-02-27","2015-03-09",2,63.77,32,32.0,6,0.0,36.0
10916,RANCH,1,"2015-02-27","2015-03-09",2,63.77,57,19.5,20,0.0,400.0
10917,ROMEY,4,"2015-03-02","2015-03-11",2,8.29,30,25.89,1,0.0,1.0
10917,ROMEY,4,"2015-03-02","2015-03-11",2,8.29,60,34.0,10,0.0,100.0
10918,BOTTM,3,"2015-03-02","2015-03-11",3,48.83,1,18.0,60,0.25,2700.0
10918,BOTTM,3,"2015-03-02","2015-03-11",3,48.83,60,34.0,25,0.25,469.0
10919,LINOD,2,"2015-03-02","2015-03-04",2,19.8,16,17.45,24,0.0,576.0
10919,LINOD,2,"2015-03-02","2015-03-04",2,19.8,25,14.0,24,0.0,576.0
10919,LINOD,2,"2015-03-02","2015-03-04",2,19.8,40,18.4,20,0.0,400.0
10920,AROUT,4,"2015-03-03","2015-03-09",2,29.61,50,16.25,24,0.0,576.0
10921,VAFFE,1,"2015-03-03","2015-03-09",1,176.48,35,18.0,10,0.0,100.0
10921,VAFFE,1,"2015-03-03","2015-03-09",1,176.48,63,43.9,40,0.0,1600.0
10922,HANAR,5,"2015-03-03","2015-03-05",3,62.74,17,39.0,15,0.0,225.0
10922,HANAR,5,"2015-03-03","2015-03-05",3,62.74,24,4.5,35,0.0,1225.0
10923,LAMAI,7,"2015-03-03","2015-03-13",3,68.26,42,14.0,10,0.2,80.0
10923,LAMAI,7,"2015-03-03","2015-03-13",3,68.26,43,46.0,10,0.2,80.0
10923,LAMAI,7,"2015-03-03","2015-03-13",3,68.26,67,14.0,24,0.2,461.0
10924,BERGS,3,"2015-03-04","2015-04-08",2,151.52,10,31.0,20,0.1,360.0
10924,BERGS,3,"2015-03-04","2015-04-08",2,151.52,28,45.6,30,0.1,810.0
10924,BERGS,3,"2015-03-04","2015-04-08",2,151.52,75,7.75,6,0.0,36.0
10925,HANAR,3,"2015-03-04","2015-03-13",1,2.27,36,19.0,25,0.15,531.0
10925,HANAR,3,"2015-03-04","2015-03-13",1,2.27,52,7.0,12,0.15,122.0
10926,ANATR,4,"2015-03-04","2015-03-11",3,39.92,11,21.0,2,0.0,4.0
10926,ANATR,4,"2015-03-04","2015-03-11",3,39.92,13,6.0,10,0.0,100.0
10926,ANATR,4,"2015-03-04","2015-03-11",3,39.92,19,9.2,7,0.0,49.0
10926,ANATR,4,"2015-03-04","2015-03-11",3,39.92,72,34.8,10,0.0,100.0
10927,LACOR,4,"2015-03-05","2015-04-08",1,19.79,20,81.0,5,0.0,25.0
10927,LACOR,4,"2015-03-05","2015-04-08",1,19.79,52,7.0,5,0.0,25.0
10927,LACOR,4,"2015-03-05","2015-04-08",1,19.79,76,18.0,20,0.0,400.0
10928,GALED,1,"2015-03-05","2015-03-18",1,1.36,47,9.5,5,0.0,25.0
10928,GALED,1,"2015-03-05","2015-03-18",1,1.36,76,18.0,5,0.0,25.0
10929,FRANK,6,"2015-03-05","2015-03-12",1,33.93,21,10.0,60,0.0,3600.0
10929,FRANK,6,"2015-03-05","2015-03-12",1,33.93,75,7.75,49,0.0,2401.0
10929,FRANK,6,"2015-03-05","2015-03-12",1,33.93,77,13.0,15,0.0,225.0
10930,SUPRD,4,"2015-03-06","2015-03-18",3,15.55,21,10.0,36,0.0,1296.0
10930,SUPRD,4,"2015-03-06","2015-03-18",3,15.55,27,43.9,25,0.0,625.0
10930,SUPRD,4,"2015-03-06","2015-03-18",3,15.55,55,24.0,25,0.2,500.0
10930,SUPRD,4,"2015-03-06","2015-03-18",3,15.55,58,13.25,30,0.2,720.0
10931,RICSU,4,"2015-03-06","2015-03-19",2,13.6,13,6.0,42,0.15,1499.0
10931,RICSU,4,"2015-03-06","2015-03-19",2,13.6,57,19.5,30,0.0,900.0
10932,BONAP,8,"2015-03-06","2015-03-24",1,134.64,16,17.45,30,0.1,810.0
10932,BONAP,8,"2015-03-06","2015-03-24",1,134.64,62,49.3,14,0.1,176.0
10932,BONAP,8,"2015-03-06","2015-03-24",1,134.64,72,34.8,16,0.0,256.0
10932,BONAP,8,"2015-03-06","2015-03-24",1,134.64,75,7.75,20,0.1,360.0
10933,ISLAT,6,"2015-03-06","2015-03-16",3,54.15,53,32.8,2,0.0,4.0
10933,ISLAT,6,"2015-03-06","2015-03-16",3,54.15,61,28.5,30,0.0,900.0
10934,LEHMS,3,"2015-03-09","2015-03-12",3,32.01,6,25.0,20,0.0,400.0
10935,WELLI,4,"2015-03-09","2015-03-18",3,47.59,1,18.0,21,0.0,441.0
10935,WELLI,4,"2015-03-09","2015-03-18",3,47.59,18,62.5,4,0.25,12.0
10935,WELLI,4,"2015-03-09","2015-03-18",3,47.59,23,9.0,8,0.25,48.0
10936,GREAL,3,"2015-03-09","2015-03-18",2,33.68,36,19.0,30,0.2,720.0
10937,CACTU,7,"2015-03-10","2015-03-13",3,31.51,28,45.6,8,0.0,64.0
10937,CACTU,7,"2015-03-10","2015-03-13",3,31.51,34,14.0,20,0.0,400.0
10938,QUICK,3,"2015-03-10","2015-03-16",2,31.89,13,6.0,20,0.25,300.0
10938,QUICK,3,"2015-03-10","2015-03-16",2,31.89,43,46.0,24,0.25,432.0
10938,QUICK,3,"2015-03-10","2015-03-16",2,31.89,60,34.0,49,0.25,1801.0
10938,QUICK,3,"2015-03-10","2015-03-16",2,31.89,71,21.5,35,0.25,919.0
10939,MAGAA,2,"2015-03-10","2015-03-13",2,76.33,2,19.0,10,0.15,85.0
10939,MAGAA,2,"2015-03-10","2015-03-13",2,76.33,67,14.0,40,0.15,1360.0
10940,BONAP,8,"2015-03-11","2015-03-23",3,19.77,7,30.0,8,0.0,64.0
10940,BONAP,8,"2015-03-11","2015-03-23",3,19.77,13,6.0,20,0.0,400.0
10941,SAVEA,7,"2015-03-11","2015-03-20",2,400.81,31,12.5,44,0.25,1452.0
10941,SAVEA,7,"2015-03-11","2015-03-20",2,400.81,62,49.3,30,0.25,675.0
10941,SAVEA,7,"2015-03-11","2015-03-20",2,400.81,68,12.5,80,0.25,4800.0
10941,SAVEA,7,"2015-03-11","2015-03-20",2,400.81,72,34.8,50,0.0,2500.0
10942,REGGC,9,"2015-03-11","2015-03-18",3,17.95,49,20.0,28,0.0,784.0
10943,BSBEV,4,"2015-03-11","2015-03-19",2,2.17,13,6.0,15,0.0,225.0
10943,BSBEV,4,"2015-03-11","2015-03-19",2,2.17,22,21.0,21,0.0,441.0
10943,BSBEV,4,"2015-03-11","2015-03-19",2,2.17,46,12.0,15,0.0,225.0
10944,BOTTM,6,"2015-03-12","2015-03-13",3,52.92,11,21.0,5,0.25,19.0
10944,BOTTM,6,"2015-03-12","2015-03-13",3,52.92,44,19.45,18,0.25,243.0
10944,BOTTM,6,"2015-03-12","2015-03-13",3,52.92,56,38.0,18,0.0,324.0
10945,MORGK,4,"2015-03-12","2015-03-18",1,10.22,13,6.0,20,0.0,400.0
10945,MORGK,4,"2015-03-12","2015-03-18",1,10.22,31,12.5,10,0.0,100.0
10946,VAFFE,1,"2015-03-12","2015-03-19",2,27.2,10,31.0,25,0.0,625.0
10946,VAFFE,1,"2015-03-12","2015-03-19",2,27.2,24,4.5,25,0.0,625.0
10946,VAFFE,1,"2015-03-12","2015-03-19",2,27.2,77,13.0,40,0.0,1600.0
10947,BSBEV,3,"2015-03-13","2015-03-16",2,3.26,59,55.0,4,0.0,16.0
10948,GODOS,3,"2015-03-13","2015-03-19",3,23.39,50,16.25,9,0.0,81.0
10948,GODOS,3,"2015-03-13","2015-03-19",3,23.39,51,53.0,40,0.0,1600.0
10948,GODOS,3,"2015-03-13","2015-03-19",3,23.39,55,24.0,4,0.0,16.0
10949,BOTTM,2,"2015-03-13","2015-03-17",3,74.44,6,25.0,12,0.0,144.0
10949,BOTTM,2,"2015-03-13","2015-03-17",3,74.44,10,31.0,30,0.0,900.0
10949,BOTTM,2,"2015-03-13","2015-03-17",3,74.44,17,39.0,6,0.0,36.0
10949,BOTTM,2,"2015-03-13","2015-03-17",3,74.44,62,49.3,60,0.0,3600.0
10950,MAGAA,1,"2015-03-16","2015-03-23",2,2.5,4,22.0,5,0.0,25.0
10951,RICSU,9,"2015-03-16","2015-04-07",2,30.85,33,2.5,15,0.05,214.0
10951,RICSU,9,"2015-03-16","2015-04-07",2,30.85,41,9.65,6,0.05,34.0
10951,RICSU,9,"2015-03-16","2015-04-07",2,30.85,75,7.75,50,0.05,2375.0
10952,ALFKI,1,"2015-03-16","2015-03-24",1,40.42,6,25.0,16,0.05,243.0
10952,ALFKI,1,"2015-03-16","2015-03-24",1,40.42,28,45.6,2,0.0,4.0
10953,AROUT,9,"2015-03-16","2015-03-25",2,23.72,20,81.0,50,0.05,2375.0
10953,AROUT,9,"2015-03-16","2015-03-25",2,23.72,31,12.5,50,0.05,2375.0
10954,LINOD,5,"2015-03-17","2015-03-20",1,27.91,16,17.45,28,0.15,666.0
10954,LINOD,5,"2015-03-17","2015-03-20",1,27.91,31,12.5,25,0.15,531.0
10954,LINOD,5,"2015-03-17","2015-03-20",1,27.91,45,9.5,30,0.0,900.0
10954,LINOD,5,"2015-03-17","2015-03-20",1,27.91,60,34.0,24,0.15,490.0
10955,FOLKO,8,"2015-03-17","2015-03-20",2,3.26,75,7.75,12,0.2,115.0
10956,BLAUS,6,"2015-03-17","2015-03-20",2,44.65,21,10.0,12,0.0,144.0
10956,BLAUS,6,"2015-03-17","2015-03-20",2,44.65,47,9.5,14,0.0,196.0
10956,BLAUS,6,"2015-03-17","2015-03-20",2,44.65,51,53.0,8,0.0,64.0
10957,HILAA,8,"2015-03-18","2015-03-27",3,105.36,30,25.89,30,0.0,900.0
10957,HILAA,8,"2015-03-18","2015-03-27",3,105.36,35,18.0,40,0.0,1600.0
10957,HILAA,8,"2015-03-18","2015-03-27",3,105.36,64,33.25,8,0.0,64.0
10958,OCEAN,7,"2015-03-18","2015-03-27",2,49.56,5,21.35,20,0.0,400.0
10958,OCEAN,7,"2015-03-18","2015-03-27",2,49.56,7,30.0,6,0.0,36.0
10958,OCEAN,7,"2015-03-18","2015-03-27",2,49.56,72,34.8,5,0.0,25.0
10959,GOURL,6,"2015-03-18","2015-03-23",2,4.98,75,7.75,20,0.15,340.0
10960,HILAA,3,"2015-03-19","2015-04-08",1,2.08,24,4.5,10,0.25,75.0
10960,HILAA,3,"2015-03-19","2015-04-08",1,2.08,41,9.65,24,0.0,576.0
10961,QUEEN,8,"2015-03-19","2015-03-30",1,104.47,52,7.0,6,0.05,34.0
10961,QUEEN,8,"2015-03-19","2015-03-30",1,104.47,76,18.0,60,0.0,3600.0
10962,QUICK,8,"2015-03-19","2015-03-23",2,275.79,7,30.0,45,0.0,2025.0
10962,QUICK,8,"2015-03-19","2015-03-23",2,275.79,13,6.0,77,0.0,5929.0
10962,QUICK,8,"2015-03-19","2015-03-23",2,275.79,53,32.8,20,0.0,400.0
10962,QUICK,8,"2015-03-19","2015-03-23",2,275.79,69,36.0,9,0.0,81.0
10962,QUICK,8,"2015-03-19","2015-03-23",2,275.79,76,18.0,44,0.0,1936.0
10963,FURIB,9,"2015-03-19","2015-03-26",3,2.7,60,34.0,2,0.15,3.0
10964,SPECD,3,"2015-03-20","2015-03-24",2,87.38,18,62.5,6,0.0,36.0
10964,SPECD,3,"2015-03-20","2015-03-24",2,87.38,38,263.5,5,0.0,25.0
10964,SPECD,3,"2015-03-20","2015-03-24",2,87.38,69,36.0,10,0.0,100.0
10965,OLDWO,6,"2015-03-20","2015-03-30",3,144.38,51,53.0,16,0.0,256.0
10966,CHOPS,4,"2015-03-20","2015-04-08",1,27.19,37,26.0,8,0.0,64.0
10966,CHOPS,4,"2015-03-20","2015-04-08",1,27.19,56,38.0,12,0.15,122.0
10966,CHOPS,4,"2015-03-20","2015-04-08",1,27.19,62,49.3,12,0.15,122.0
10967,TOMSP,2,"2015-03-23","2015-04-02",2,62.22,19,9.2,12,0.0,144.0
10967,TOMSP,2,"2015-03-23","2015-04-02",2,62.22,49,20.0,40,0.0,1600.0
10968,ERNSH,1,"2015-03-23","2015-04-01",3,74.6,12,38.0,30,0.0,900.0
10968,ERNSH,1,"2015-03-23","2015-04-01",3,74.6,24,4.5,30,0.0,900.0
10968,ERNSH,1,"2015-03-23","2015-04-01",3,74.6,64,33.25,4,0.0,16.0
10969,COMMI,1,"2015-03-23","2015-03-30",2,0.21,46,12.0,9,0.0,81.0
10970,BOLID,9,"2015-03-24","2015-04-24",1,16.16,52,7.0,40,0.2,1280.0
10971,FRANR,2,"2015-03-24","2015-04-02",2,121.82,29,123.79,14,0.0,196.0
10972,LACOR,4,"2015-03-24","2015-03-26",2,0.02,17,39.0,6,0.0,36.0
10972,LACOR,4,"2015-03-24","2015-03-26",2,0.02,33,2.5,7,0.0,49.0
10973,LACOR,6,"2015-03-24","2015-03-27",2,15.17,26,31.23,5,0.0,25.0
10973,LACOR,6,"2015-03-24","2015-03-27",2,15.17,41,9.65,6,0.0,36.0
10973,LACOR,6,"2015-03-24","2015-03-27",2,15.17,75,7.75,10,0.0,100.0
10974,SPLIR,3,"2015-03-25","2015-04-03",3,12.96,63,43.9,10,0.0,100.0
10975,BOTTM,1,"2015-03-25","2015-03-27",3,32.27,8,40.0,16,0.0,256.0
10975,BOTTM,1,"2015-03-25","2015-03-27",3,32.27,75,7.75,10,0.0,100.0
10976,HILAA,1,"2015-03-25","2015-04-03",1,37.97,28,45.6,20,0.0,400.0
10977,FOLKO,8,"2015-03-26","2015-04-10",3,208.5,39,18.0,30,0.0,900.0
10977,FOLKO,8,"2015-03-26","2015-04-10",3,208.5,47,9.5,30,0.0,900.0
10977,FOLKO,8,"2015-03-26","2015-04-10",3,208.5,51,53.0,10,0.0,100.0
10977,FOLKO,8,"2015-03-26","2015-04-10",3,208.5,63,43.9,20,0.0,400.0
10978,MAISD,9,"2015-03-26","2015-04-23",2,32.82,8,40.0,20,0.15,340.0
10978,MAISD,9,"2015-03-26","2015-04-23",2,32.82,21,10.0,40,0.15,1360.0
10978,MAISD,9,"2015-03-26","2015-04-23",2,32.82,40,18.4,10,0.0,100.0
10978,MAISD,9,"2015-03-26","2015-04-23",2,32.82,44,19.45,6,0.15,31.0
10979,ERNSH,8,"2015-03-26","2015-03-31",2,353.07,7,30.0,18,0.0,324.0
10979,ERNSH,8,"2015-03-26","2015-03-31",2,353.07,12,38.0,20,0.0,400.0
10979,ERNSH,8,"2015-03-26","2015-03-31",2,353.07,24,4.5,80,0.0,6400.0
10979,ERNSH,8,"2015-03-26","2015-03-31",2,353.07,27,43.9,30,0.0,900.0
10979,ERNSH,8,"2015-03-26","2015-03-31",2,353.07,31,12.5,24,0.0,576.0
10979,ERNSH,8,"2015-03-26","2015-03-31",2,353.07,63,43.9,35,0.0,1225.0
10980,FOLKO,4,"2015-03-27","2015-04-17",1,1.26,75,7.75,40,0.2,1280.0
10981,HANAR,1,"2015-03-27","2015-04-02",2,193.37,38,263.5,60,0.0,3600.0
10982,BOTTM,2,"2015-03-27","2015-04-08",1,14.01,7,30.0,20,0.0,400.0
10982,BOTTM,2,"2015-03-27","2015-04-08",1,14.01,43,46.0,9,0.0,81.0
10983,SAVEA,2,"2015-03-27","2015-04-06",2,657.54,13,6.0,84,0.15,5998.0
10983,SAVEA,2,"2015-03-27","2015-04-06",2,657.54,57,19.5,15,0.0,225.0
10984,SAVEA,1,"2015-03-30","2015-04-03",3,211.22,16,17.45,55,0.0,3025.0
10984,SAVEA,1,"2015-03-30","2015-04-03",3,211.22,24,4.5,20,0.0,400.0
10984,SAVEA,1,"2015-03-30","2015-04-03",3,211.22,36,19.0,40,0.0,1600.0
10985,HUNGO,2,"2015-03-30","2015-04-02",1,91.51,16,17.45,36,0.1,1166.0
10985,HUNGO,2,"2015-03-30","2015-04-02",1,91.51,18,62.5,8,0.1,58.0
10985,HUNGO,2,"2015-03-30","2015-04-02",1,91.51,32,32.0,35,0.1,1103.0
10986,OCEAN,8,"2015-03-30","2015-04-21",2,217.86,11,21.0,30,0.0,900.0
10986,OCEAN,8,"2015-03-30","2015-04-21",2,217.86,20,81.0,15,0.0,225.0
10986,OCEAN,8,"2015-03-30","2015-04-21",2,217.86,76,18.0,10,0.0,100.0
10986,OCEAN,8,"2015-03-30","2015-04-21",2,217.86,77,13.0,15,0.0,225.0
10987,EASTC,8,"2015-03-31","2015-04-06",1,185.48,7,30.0,60,0.0,3600.0
10987,EASTC,8,"2015-03-31","2015-04-06",1,185.48,43,46.0,6,0.0,36.0
10987,EASTC,8,"2015-03-31","2015-04-06",1,185.48,72,34.8,20,0.0,400.0
10988,RATTC,3,"2015-03-31","2015-04-10",2,61.14,7,30.0,60,0.0,3600.0
10988,RATTC,3,"2015-03-31","2015-04-10",2,61.14,62,49.3,40,0.1,1440.0
10989,QUEDE,2,"2015-03-31","2015-04-02",1,34.76,6,25.0,40,0.0,1600.0
10989,QUEDE,2,"2015-03-31","2015-04-02",1,34.76,11,21.0,15,0.0,225.0
10989,QUEDE,2,"2015-03-31","2015-04-02",1,34.76,41,9.65,4,0.0,16.0
10990,ERNSH,2,"2015-04-01","2015-04-07",3,117.61,21,10.0,65,0.0,4225.0
10990,ERNSH,2,"2015-04-01","2015-04-07",3,117.61,34,14.0,60,0.15,3060.0
10990,ERNSH,2,"2015-04-01","2015-04-07",3,117.61,55,24.0,65,0.15,3591.0
10990,ERNSH,2,"2015-04-01","2015-04-07",3,117.61,61,28.5,66,0.15,3703.0
10991,QUICK,1,"2015-04-01","2015-04-07",1,38.51,2,19.0,50,0.2,2000.0
10991,QUICK,1,"2015-04-01","2015-04-07",1,38.51,70,15.0,20,0.2,320.0
10991,QUICK,1,"2015-04-01","2015-04-07",1,38.51,76,18.0,90,0.2,6480.0
10992,THEBI,1,"2015-04-01","2015-04-03",3,4.27,72,34.8,2,0.0,4.0
10993,FOLKO,7,"2015-04-01","2015-04-10",3,8.81,29,123.79,50,0.25,1875.0
10993,FOLKO,7,"2015-04-01","2015-04-10",3,8.81,41,9.65,35,0.25,919.0
10994,VAFFE,2,"2015-04-02","2015-04-09",3,65.53,59,55.0,18,0.05,308.0
10995,PERIC,1,"2015-04-02","2015-04-06",3,46.0,51,53.0,20,0.0,400.0
10995,PERIC,1,"2015-04-02","2015-04-06",3,46.0,60,34.0,4,0.0,16.0
10996,QUICK,4,"2015-04-02","2015-04-10",2,1.12,42,14.0,40,0.0,1600.0
10997,LILAS,8,"2015-04-03","2015-04-13",2,73.91,32,32.0,50,0.0,2500.0
10997,LILAS,8,"2015-04-03","2015-04-13",2,73.91,46,12.0,20,0.25,300.0
10997,LILAS,8,"2015-04-03","2015-04-13",2,73.91,52,7.0,20,0.25,300.0
10998,WOLZA,8,"2015-04-03","2015-04-17",2,20.31,24,4.5,12,0.0,144.0
10998,WOLZA,8,"2015-04-03","2015-04-17",2,20.31,61,28.5,7,0.0,49.0
10998,WOLZA,8,"2015-04-03","2015-04-17",2,20.31,74,10.0,20,0.0,400.0
10998,WOLZA,8,"2015-04-03","2015-04-17",2,20.31,75,7.75,30,0.0,900.0
10999,OTTIK,6,"2015-04-03","2015-04-10",2,96.35,41,9.65,20,0.05,380.0
10999,OTTIK,6,"2015-04-03","2015-04-10",2,96.35,51,53.0,15,0.05,214.0
10999,OTTIK,6,"2015-04-03","2015-04-10",2,96.35,77,13.0,21,0.05,419.0
11000,RATTC,2,"2015-04-06","2015-04-14",3,55.12,4,22.0,25,0.25,469.0
11000,RATTC,2,"2015-04-06","2015-04-14",3,55.12,24,4.5,30,0.25,675.0
11000,RATTC,2,"2015-04-06","2015-04-14",3,55.12,77,13.0,30,0.0,900.0
11001,FOLKO,2,"2015-04-06","2015-04-14",2,197.3,7,30.0,60,0.0,3600.0
11001,FOLKO,2,"2015-04-06","2015-04-14",2,197.3,22,21.0,25,0.0,625.0
11001,FOLKO,2,"2015-04-06","2015-04-14",2,197.3,46,12.0,25,0.0,625.0
11001,FOLKO,2,"2015-04-06","2015-04-14",2,197.3,55,24.0,6,0.0,36.0
11002,SAVEA,4,"2015-04-06","2015-04-16",1,141.16,13,6.0,56,0.0,3136.0
11002,SAVEA,4,"2015-04-06","2015-04-16",1,141.16,35,18.0,15,0.15,191.0
11002,SAVEA,4,"2015-04-06","2015-04-16",1,141.16,42,14.0,24,0.15,490.0
11002,SAVEA,4,"2015-04-06","2015-04-16",1,141.16,55,24.0,40,0.0,1600.0
11003,THECR,3,"2015-04-06","2015-04-08",3,14.91,1,18.0,4,0.0,16.0
11003,THECR,3,"2015-04-06","2015-04-08",3,14.91,40,18.4,10,0.0,100.0
11003,THECR,3,"2015-04-06","2015-04-08",3,14.91,52,7.0,10,0.0,100.0
11004,MAISD,3,"2015-04-07","2015-04-20",1,44.84,26,31.23,6,0.0,36.0
11004,MAISD,3,"2015-04-07","2015-04-20",1,44.84,76,18.0,6,0.0,36.0
11005,WILMK,2,"2015-04-07","2015-04-10",1,0.75,1,18.0,2,0.0,4.0
11005,WILMK,2,"2015-04-07","2015-04-10",1,0.75,59,55.0,10,0.0,100.0
11006,GREAL,3,"2015-04-07","2015-04-15",2,25.19,1,18.0,8,0.0,64.0
11006,GREAL,3,"2015-04-07","2015-04-15",2,25.19,29,123.79,2,0.25,3.0
11007,PRINI,8,"2015-04-08","2015-04-13",2,202.24,8,40.0,30,0.0,900.0
11007,PRINI,8,"2015-04-08","2015-04-13",2,202.24,29,123.79,10,0.0,100.0
11007,PRINI,8,"2015-04-08","2015-04-13",2,202.24,42,14.0,14,0.0,196.0
11008,ERNSH,7,"2015-04-08","",3,79.46,28,45.6,70,0.05,4655.0
11008,ERNSH,7,"2015-04-08","",3,79.46,34,14.0,90,0.05,7695.0
11008,ERNSH,7,"2015-04-08","",3,79.46,71,21.5,21,0.0,441.0
11009,GODOS,2,"2015-04-08","2015-04-10",1,59.11,24,4.5,12,0.0,144.0
11009,GODOS,2,"2015-04-08","2015-04-10",1,59.11,36,19.0,18,0.25,243.0
11009,GODOS,2,"2015-04-08","2015-04-10",1,59.11,60,34.0,9,0.0,81.0
11010,REGGC,2,"2015-04-09","2015-04-21",2,28.71,7,30.0,20,0.0,400.0
11010,REGGC,2,"2015-04-09","2015-04-21",2,28.71,24,4.5,10,0.0,100.0
11011,ALFKI,3,"2015-04-09","2015-04-13",1,1.21,58,13.25,40,0.05,1520.0
11011,ALFKI,3,"2015-04-09","2015-04-13",1,1.21,71,21.5,20,0.0,400.0
11012,FRANK,1,"2015-04-09","2015-04-17",3,242.95,19,9.2,50,0.05,2375.0
11012,FRANK,1,"2015-04-09","2015-04-17",3,242.95,60,34.0,36,0.05,1231.0
11012,FRANK,1,"2015-04-09","2015-04-17",3,242.95,71,21.5,60,0.05,3420.0
11013,ROMEY,2,"2015-04-09","2015-04-10",1,32.99,23,9.0,10,0.0,100.0
11013,ROMEY,2,"2015-04-09","2015-04-10",1,32.99,42,14.0,4,0.0,16.0
11013,ROMEY,2,"2015-04-09","2015-04-10",1,32.99,45,9.5,20,0.0,400.0
11013,ROMEY,2,"2015-04-09","2015-04-10",1,32.99,68,12.5,2,0.0,4.0
11014,LINOD,2,"2015-04-10","2015-04-15",3,23.6,41,9.65,28,0.1,706.0
11015,SANTG,2,"2015-04-10","2015-04-20",2,4.62,30,25.89,15,0.0,225.0
11015,SANTG,2,"2015-04-10","2015-04-20",2,4.62,77,13.0,18,0.0,324.0
11016,AROUT,9,"2015-04-10","2015-04-13",2,33.8,31,12.5,15,0.0,225.0
11016,AROUT,9,"2015-04-10","2015-04-13",2,33.8,36,19.0,16,0.0,256.0
11017,ERNSH,9,"2015-04-13","2015-04-20",2,754.26,3,10.0,25,0.0,625.0
11017,ERNSH,9,"2015-04-13","2015-04-20",2,754.26,59,55.0,110,0.0,12100.0
11017,ERNSH,9,"2015-04-13","2015-04-20",2,754.26,70,15.0,30,0.0,900.0
11018,LONEP,4,"2015-04-13","2015-04-16",2,11.65,12,38.0,20,0.0,400.0
11018,LONEP,4,"2015-04-13","2015-04-16",2,11.65,18,62.5,10,0.0,100.0
11018,LONEP,4,"2015-04-13","2015-04-16",2,11.65,56,38.0,5,0.0,25.0
11019,RANCH,6,"2015-04-13","",3,3.17,46,12.0,3,0.0,9.0
11019,RANCH,6,"2015-04-13","",3,3.17,49,20.0,2,0.0,4.0
11020,OTTIK,2,"2015-04-14","2015-04-16",2,43.3,10,31.0,24,0.15,490.0
11021,QUICK,3,"2015-04-14","2015-04-21",1,297.18,2,19.0,11,0.25,91.0
11021,QUICK,3,"2015-04-14","2015-04-21",1,297.18,20,81.0,15,0.0,225.0
11021,QUICK,3,"2015-04-14","2015-04-21",1,297.18,26,31.23,63,0.0,3969.0
11021,QUICK,3,"2015-04-14","2015-04-21",1,297.18,51,53.0,44,0.25,1452.0
11021,QUICK,3,"2015-04-14","2015-04-21",1,297.18,72,34.8,35,0.0,1225.0
11022,HANAR,9,"2015-04-14","2015-05-04",2,6.27,19,9.2,35,0.0,1225.0
11022,HANAR,9,"2015-04-14","2015-05-04",2,6.27,69,36.0,30,0.0,900.0
11023,BSBEV,1,"2015-04-14","2015-04-24",2,123.83,7,30.0,4,0.0,16.0
11023,BSBEV,1,"2015-04-14","2015-04-24",2,123.83,43,46.0,30,0.0,900.0
11024,EASTC,4,"2015-04-15","2015-04-20",1,74.36,26,31.23,12,0.0,144.0
11024,EASTC,4,"2015-04-15","2015-04-20",1,74.36,33,2.5,30,0.0,900.0
11024,EASTC,4,"2015-04-15","2015-04-20",1,74.36,65,21.05,21,0.0,441.0
11024,EASTC,4,"2015-04-15","2015-04-20",1,74.36,71,21.5,50,0.0,2500.0
11025,WARTH,6,"2015-04-15","2015-04-24",3,29.17,1,18.0,10,0.1,90.0
11025,WARTH,6,"2015-04-15","2015-04-24",3,29.17,13,6.0,20,0.1,360.0
11026,FRANS,4,"2015-04-15","2015-04-28",1,47.09,18,62.5,8,0.0,64.0
11026,FRANS,4,"2015-04-15","2015-04-28",1,47.09,51,53.0,10,0.0,100.0
11027,BOTTM,1,"2015-04-16","2015-04-20",1,52.52,24,4.5,30,0.25,675.0
11027,BOTTM,1,"2015-04-16","2015-04-20",1,52.52,62,49.3,21,0.25,331.0
11028,KOENE,2,"2015-04-16","2015-04-22",1,29.59,55,24.0,35,0.0,1225.0
11028,KOENE,2,"2015-04-16","2015-04-22",1,29.59,59,55.0,24,0.0,576.0
11029,CHOPS,4,"2015-04-16","2015-04-27",1,47.84,56,38.0,20,0.0,400.0
11029,CHOPS,4,"2015-04-16","2015-04-27",1,47.84,63,43.9,12,0.0,144.0
11030,SAVEA,7,"2015-04-17","2015-04-27",2,830.75,2,19.0,100,0.25,7500.0
11030,SAVEA,7,"2015-04-17","2015-04-27",2,830.75,5,21.35,70,0.0,4900.0
11030,SAVEA,7,"2015-04-17","2015-04-27",2,830.75,29,123.79,60,0.25,2700.0
11030,SAVEA,7,"2015-04-17","2015-04-27",2,830.75,59,55.0,100,0.25,7500.0
11031,SAVEA,6,"2015-04-17","2015-04-24",2,227.22,1,18.0,45,0.0,2025.0
11031,SAVEA,6,"2015-04-17","2015-04-24",2,227.22,13,6.0,80,0.0,6400.0
11031,SAVEA,6,"2015-04-17","2015-04-24",2,227.22,24,4.5,21,0.0,441.0
11031,SAVEA,6,"2015-04-17","2015-04-24",2,227.22,64,33.25,20,0.0,400.0
11031,SAVEA,6,"2015-04-17","2015-04-24",2,227.22,71,21.5,16,0.0,256.0
11032,WHITC,2,"2015-04-17","2015-04-23",3,606.19,36,19.0,35,0.0,1225.0
11032,WHITC,2,"2015-04-17","2015-04-23",3,606.19,38,263.5,25,0.0,625.0
11032,WHITC,2,"2015-04-17","2015-04-23",3,606.19,59,55.0,30,0.0,900.0
11033,RICSU,7,"2015-04-17","2015-04-23",3,84.74,53,32.8,70,0.1,4410.0
11033,RICSU,7,"2015-04-17","2015-04-23",3,84.74,69,36.0,36,0.1,1166.0
11034,OLDWO,8,"2015-04-20","2015-04-27",1,40.32,21,10.0,15,0.1,203.0
11034,OLDWO,8,"2015-04-20","2015-04-27",1,40.32,44,19.45,12,0.0,144.0
11034,OLDWO,8,"2015-04-20","2015-04-27",1,40.32,61,28.5,6,0.0,36.0
11035,SUPRD,2,"2015-04-20","2015-04-24",2,0.17,1,18.0,10,0.0,100.0
11035,SUPRD,2,"2015-04-20","2015-04-24",2,0.17,35,18.0,60,0.0,3600.0
11035,SUPRD,2,"2015-04-20","2015-04-24",2,0.17,42,14.0,30,0.0,900.0
11035,SUPRD,2,"2015-04-20","2015-04-24",2,0.17,54,7.45,10,0.0,100.0
11036,DRACD,8,"2015-04-20","2015-04-22",3,149.47,13,6.0,7,0.0,49.0
11036,DRACD,8,"2015-04-20","2015-04-22",3,149.47,59,55.0,30,0.0,900.0
11037,GODOS,7,"2015-04-21","2015-04-27",1,3.2,70,15.0,4,0.0,16.0
11038,SUPRD,1,"2015-04-21","2015-04-30",2,29.59,40,18.4,5,0.2,20.0
11038,SUPRD,1,"2015-04-21","2015-04-30",2,29.59,52,7.0,2,0.0,4.0
11038,SUPRD,1,"2015-04-21","2015-04-30",2,29.59,71,21.5,30,0.0,900.0
11039,LINOD,1,"2015-04-21","",2,65.0,28,45.6,20,0.0,400.0
11039,LINOD,1,"2015-04-21","",2,65.0,35,18.0,24,0.0,576.0
11039,LINOD,1,"2015-04-21","",2,65.0,49,20.0,60,0.0,3600.0
11039,LINOD,1,"2015-04-21","",2,65.0,57,19.5,28,0.0,784.0
11040,GREAL,4,"2015-04-22","",3,18.84,21,10.0,20,0.0,400.0
11041,CHOPS,3,"2015-04-22","2015-04-28",2,48.22,2,19.0,30,0.2,720.0
11041,CHOPS,3,"2015-04-22","2015-04-28",2,48.22,63,43.9,30,0.0,900.0
11042,COMMI,2,"2015-04-22","2015-05-01",1,29.99,44,19.45,15,0.0,225.0
11042,COMMI,2,"2015-04-22","2015-05-01",1,29.99,61,28.5,4,0.0,16.0
11043,SPECD,5,"2015-04-22","2015-04-29",2,8.8,11,21.0,10,0.0,100.0
11044,WOLZA,4,"2015-04-23","2015-05-01",1,8.72,62,49.3,12,0.0,144.0
11045,BOTTM,6,"2015-04-23","",2,70.58,33,2.5,15,0.0,225.0
11045,BOTTM,6,"2015-04-23","",2,70.58,51,53.0,24,0.0,576.0
11046,WANDK,8,"2015-04-23","2015-04-24",2,71.64,12,38.0,20,0.05,380.0
11046,WANDK,8,"2015-04-23","2015-04-24",2,71.64,32,32.0,15,0.05,214.0
11046,WANDK,8,"2015-04-23","2015-04-24",2,71.64,35,18.0,18,0.05,308.0
11047,EASTC,7,"2015-04-24","2015-05-01",3,46.62,1,18.0,25,0.25,469.0
11047,EASTC,7,"2015-04-24","2015-05-01",3,46.62,5,21.35,30,0.25,675.0
11048,BOTTM,7,"2015-04-24","2015-04-30",3,24.12,68,12.5,42,0.0,1764.0
11049,GOURL,3,"2015-04-24","2015-05-04",1,8.34,2,19.0,10,0.2,80.0
11049,GOURL,3,"2015-04-24","2015-05-04",1,8.34,12,38.0,4,0.2,13.0
11050,FOLKO,8,"2015-04-27","2015-05-05",2,59.41,76,18.0,50,0.1,2250.0
11051,LAMAI,7,"2015-04-27","",3,2.79,24,4.5,10,0.2,80.0
11052,HANAR,3,"2015-04-27","2015-05-01",1,67.26,43,46.0,30,0.2,720.0
11052,HANAR,3,"2015-04-27","2015-05-01",1,67.26,61,28.5,10,0.2,80.0
11053,PICCO,2,"2015-04-27","2015-04-29",2,53.05,18,62.5,35,0.2,980.0
11053,PICCO,2,"2015-04-27","2015-04-29",2,53.05,32,32.0,20,0.0,400.0
11053,PICCO,2,"2015-04-27","2015-04-29",2,53.05,64,33.25,25,0.2,500.0
11054,CACTU,8,"2015-04-28","",1,0.33,33,2.5,10,0.0,100.0
11054,CACTU,8,"2015-04-28","",1,0.33,67,14.0,20,0.0,400.0
11055,HILAA,7,"2015-04-28","2015-05-05",2,120.92,24,4.5,15,0.0,225.0
11055,HILAA,7,"2015-04-28","2015-05-05",2,120.92,25,14.0,15,0.0,225.0
11055,HILAA,7,"2015-04-28","2015-05-05",2,120.92,51,53.0,20,0.0,400.0
11055,HILAA,7,"2015-04-28","2015-05-05",2,120.92,57,19.5,20,0.0,400.0
11056,EASTC,8,"2015-04-28","2015-05-01",2,278.96,7,30.0,40,0.0,1600.0
11056,EASTC,8,"2015-04-28","2015-05-01",2,278.96,55,24.0,35,0.0,1225.0
11056,EASTC,8,"2015-04-28","2015-05-01",2,278.96,60,34.0,50,0.0,2500.0
11057,NORTS,3,"2015-04-29","2015-05-01",3,4.13,70,15.0,3,0.0,9.0
11058,BLAUS,9,"2015-04-29","",3,31.14,21,10.0,3,0.0,9.0
11058,BLAUS,9,"2015-04-29","",3,31.14,60,34.0,21,0.0,441.0
11058,BLAUS,9,"2015-04-29","",3,31.14,61,28.5,4,0.0,16.0
11059,RICAR,2,"2015-04-29","",2,85.8,13,6.0,30,0.0,900.0
11059,RICAR,2,"2015-04-29","",2,85.8,17,39.0,12,0.0,144.0
11059,RICAR,2,"2015-04-29","",2,85.8,60,34.0,35,0.0,1225.0
11060,FRANS,2,"2015-04-30","2015-05-04",2,10.98,60,34.0,4,0.0,16.0
11060,FRANS,2,"2015-04-30","2015-05-04",2,10.98,77,13.0,10,0.0,100.0
11061,GREAL,4,"2015-04-30","",3,14.01,60,34.0,15,0.0,225.0
11062,REGGC,4,"2015-04-30","",2,29.93,53,32.8,10,0.2,80.0
11062,REGGC,4,"2015-04-30","",2,29.93,70,15.0,12,0.2,115.0
11063,HUNGO,3,"2015-04-30","2015-05-06",2,81.73,34,14.0,30,0.0,900.0
11063,HUNGO,3,"2015-04-30","2015-05-06",2,81.73,40,18.4,40,0.1,1440.0
11063,HUNGO,3,"2015-04-30","2015-05-06",2,81.73,41,9.65,30,0.1,810.0
11064,SAVEA,1,"2015-05-01","2015-05-04",1,30.09,17,39.0,77,0.1,5336.0
11064,SAVEA,1,"2015-05-01","2015-05-04",1,30.09,41,9.65,12,0.0,144.0
11064,SAVEA,1,"2015-05-01","2015-05-04",1,30.09,53,32.8,25,0.1,563.0
11064,SAVEA,1,"2015-05-01","2015-05-04",1,30.09,55,24.0,4,0.1,14.0
11064,SAVEA,1,"2015-05-01","2015-05-04",1,30.09,68,12.5,55,0.0,3025.0
11065,LILAS,8,"2015-05-01","",1,12.91,30,25.89,4,0.25,12.0
11065,LILAS,8,"2015-05-01","",1,12.91,54,7.45,20,0.25,300.0
11066,WHITC,7,"2015-05-01","2015-05-04",2,44.72,16,17.45,3,0.0,9.0
11066,WHITC,7,"2015-05-01","2015-05-04",2,44.72,19,9.2,42,0.0,1764.0
11066,WHITC,7,"2015-05-01","2015-05-04",2,44.72,34,14.0,35,0.0,1225.0
11067,DRACD,1,"2015-05-04","2015-05-06",2,7.98,41,9.65,9,0.0,81.0
11068,QUEEN,8,"2015-05-04","",2,81.75,28,45.6,8,0.15,54.0
11068,QUEEN,8,"2015-05-04","",2,81.75,43,46.0,36,0.15,1102.0
11068,QUEEN,8,"2015-05-04","",2,81.75,77,13.0,28,0.15,666.0
11069,TORTU,1,"2015-05-04","2015-05-06",2,15.67,39,18.0,20,0.0,400.0
11070,LEHMS,2,"2015-05-05","",1,136.0,1,18.0,40,0.15,1360.0
11070,LEHMS,2,"2015-05-05","",1,136.0,2,19.0,20,0.15,340.0
11070,LEHMS,2,"2015-05-05","",1,136.0,16,17.45,30,0.15,765.0
11070,LEHMS,2,"2015-05-05","",1,136.0,31,12.5,20,0.0,400.0
11071,LILAS,1,"2015-05-05","",1,0.93,7,30.0,15,0.05,214.0
11071,LILAS,1,"2015-05-05","",1,0.93,13,6.0,10,0.05,95.0
11072,ERNSH,4,"2015-05-05","",2,258.64,2,19.0,8,0.0,64.0
11072,ERNSH,4,"2015-05-05","",2,258.64,41,9.65,40,0.0,1600.0
11072,ERNSH,4,"2015-05-05","",2,258.64,50,16.25,22,0.0,484.0
11072,ERNSH,4,"2015-05-05","",2,258.64,64,33.25,130,0.0,16900.0
11073,PERIC,2,"2015-05-05","",2,24.95,11,21.0,10,0.0,100.0
11073,PERIC,2,"2015-05-05","",2,24.95,24,4.5,20,0.0,400.0
11074,SIMOB,7,"2015-05-06","",2,18.44,16,17.45,14,0.05,186.0
11075,RICSU,8,"2015-05-06","",2,6.19,2,19.0,10,0.15,85.0
11075,RICSU,8,"2015-05-06","",2,6.19,46,12.0,30,0.15,765.0
11075,RICSU,8,"2015-05-06","",2,6.19,76,18.0,2,0.15,3.0
11076,BONAP,4,"2015-05-06","",2,38.28,6,25.0,20,0.25,300.0
11076,BONAP,4,"2015-05-06","",2,38.28,14,23.25,20,0.25,300.0
11076,BONAP,4,"2015-05-06","",2,38.28,19,9.2,10,0.25,75.0
11077,RATTC,1,"2015-05-06","",2,8.53,2,19.0,24,0.2,461.0
11077,RATTC,1,"2015-05-06","",2,8.53,3,10.0,4,0.0,16.0
11077,RATTC,1,"2015-05-06","",2,8.53,4,22.0,1,0.0,1.0
11077,RATTC,1,"2015-05-06","",2,8.53,6,25.0,1,0.02,1.0
11077,RATTC,1,"2015-05-06","",2,8.53,7,30.0,1,0.05,1.0
11077,RATTC,1,"2015-05-06","",2,8.53,8,40.0,2,0.1,4.0
11077,RATTC,1,"2015-05-06","",2,8.53,10,31.0,1,0.0,1.0
11077,RATTC,1,"2015-05-06","",2,8.53,12,38.0,2,0.05,4.0
11077,RATTC,1,"2015-05-06","",2,8.53,13,6.0,4,0.0,16.0
11077,RATTC,1,"2015-05-06","",2,8.53,14,23.25,1,0.03,1.0
11077,RATTC,1,"2015-05-06","",2,8.53,16,17.45,2,0.03,4.0
11077,RATTC,1,"2015-05-06","",2,8.53,20,81.0,1,0.04,1.0
11077,RATTC,1,"2015-05-06","",2,8.53,23,9.0,2,0.0,4.0
11077,RATTC,1,"2015-05-06","",2,8.53,32,32.0,1,0.0,1.0
11077,RATTC,1,"2015-05-06","",2,8.53,39,18.0,2,0.05,4.0
11077,RATTC,1,"2015-05-06","",2,8.53,41,9.65,3,0.0,9.0
11077,RATTC,1,"2015-05-06","",2,8.53,46,12.0,3,0.02,9.0
11077,RATTC,1,"2015-05-06","",2,8.53,52,7.0,2,0.0,4.0
11077,RATTC,1,"2015-05-06","",2,8.53,55,24.0,2,0.0,4.0
11077,RATTC,1,"2015-05-06","",2,8.53,60,34.0,2,0.06,4.0
11077,RATTC,1,"2015-05-06","",2,8.53,64,33.25,2,0.03,4.0
11077,RATTC,1,"2015-05-06","",2,8.53,66,17.0,1,0.0,1.0
11077,RATTC,1,"2015-05-06","",2,8.53,73,15.0,2,0.01,4.0
11077,RATTC,1,"2015-05-06","",2,8.53,75,7.75,4,0.0,16.0
11077,RATTC,1,"2015-05-06","",2,8.53,77,13.0,2,0.0,4.0
